row,dq_j,dq_k,nu1,nu2,nu3,nu4,nu5,nu6,real_num,real_den,imag_num,imag_den
1,1,2,0,-2,-2,-2,-2,0,0,1,147,51200000
1,1,2,0,-2,-2,-2,0,0,0,1,-147,25600000
1,1,2,0,-2,-2,-2,2,0,0,1,147,51200000
1,1,2,0,-2,-2,-1,-2,0,0,1,147,12800000
1,1,2,0,-2,-2,-1,-1,0,0,1,399,3200000
1,1,2,0,-2,-2,-1,1,0,0,1,-399,3200000
1,1,2,0,-2,-2,-1,2,0,0,1,-147,12800000
1,1,2,0,-2,-2,0,-2,0,0,1,441,25600000
1,1,2,0,-2,-2,0,-1,0,0,1,399,1600000
1,1,2,0,-2,-2,0,0,0,0,1,63683,12800000
1,1,2,0,-2,-2,0,1,0,0,1,399,1600000
1,1,2,0,-2,-2,0,2,0,0,1,441,25600000
1,1,2,0,-2,-2,1,-2,0,0,1,147,12800000
1,1,2,0,-2,-2,1,-1,0,0,1,399,3200000
1,1,2,0,-2,-2,1,1,0,0,1,-399,3200000
1,1,2,0,-2,-2,1,2,0,0,1,-147,12800000
1,1,2,0,-2,-2,2,-2,0,0,1,147,51200000
1,1,2,0,-2,-2,2,0,0,0,1,-147,25600000
1,1,2,0,-2,-2,2,2,0,0,1,147,51200000
1,1,2,0,-2,-1,-1,-1,0,0,1,441,3200000
1,1,2,0,-2,-1,-1,1,0,0,1,-441,3200000
1,1,2,0,-2,-1,0,-1,0,0,1,441,1600000
1,1,2,0,-2,-1,0,0,0,0,1,5187,400000
1,1,2,0,-2,-1,0,1,0,0,1,441,1600000
1,1,2,0,-2,-1,1,-1,0,0,1,441,3200000
1,1,2,0,-2,-1,1,1,0,0,1,-441,3200000
1,1,2,0,-2,0,0,0,0,0,1,14553,800000
1,1,2,0,-1,-1,-1,-1,0,21,400000,0,1
1,1,2,0,-1,-1,-1,1,0,-21,400000,0,1
1,1,2,0,-1,-1,0,-1,0,21,200000,0,1
1,1,2,0,-1,-1,0,0,0,247,50000,0,1
1,1,2,0,-1,-1,0,1,0,21,200000,0,1
1,1,2,0,-1,-1,1,-1,0,21,400000,0,1
1,1,2,0,-1,-1,1,1,0,-21,400000,0,1
1,1,2,0,-1,0,0,0,0,777,50000,0,1
1,1,2,0,1,0,0,0,0,777,50000,0,1
1,1,2,0,1,1,-1,-1,0,-21,400000,0,1
1,1,2,0,1,1,-1,1,0,21,400000,0,1
1,1,2,0,1,1,0,-1,0,21,200000,0,1
1,1,2,0,1,1,0,0,0,247,50000,0,1
1,1,2,0,1,1,0,1,0,21,200000,0,1
1,1,2,0,1,1,1,-1,0,-21,400000,0,1
1,1,2,0,1,1,1,1,0,21,400000,0,1
1,1,2,0,2,0,0,0,0,0,1,-14553,800000
1,1,2,0,2,1,-1,-1,0,0,1,441,3200000
1,1,2,0,2,1,-1,1,0,0,1,-441,3200000
1,1,2,0,2,1,0,-1,0,0,1,-441,1600000
1,1,2,0,2,1,0,0,0,0,1,-5187,400000
1,1,2,0,2,1,0,1,0,0,1,-441,1600000
1,1,2,0,2,1,1,-1,0,0,1,441,3200000
1,1,2,0,2,1,1,1,0,0,1,-441,3200000
1,1,2,0,2,2,-2,-2,0,0,1,-147,51200000
1,1,2,0,2,2,-2,0,0,0,1,147,25600000
1,1,2,0,2,2,-2,2,0,0,1,-147,51200000
1,1,2,0,2,2,-1,-2,0,0,1,147,12800000
1,1,2,0,2,2,-1,-1,0,0,1,399,3200000
1,1,2,0,2,2,-1,1,0,0,1,-399,3200000
1,1,2,0,2,2,-1,2,0,0,1,-147,12800000
1,1,2,0,2,2,0,-2,0,0,1,-441,25600000
1,1,2,0,2,2,0,-1,0,0,1,-399,1600000
1,1,2,0,2,2,0,0,0,0,1,-63683,12800000
1,1,2,0,2,2,0,1,0,0,1,-399,1600000
1,1,2,0,2,2,0,2,0,0,1,-441,25600000
1,1,2,0,2,2,1,-2,0,0,1,147,12800000
1,1,2,0,2,2,1,-1,0,0,1,399,3200000
1,1,2,0,2,2,1,1,0,0,1,-399,3200000
1,1,2,0,2,2,1,2,0,0,1,-147,12800000
1,1,2,0,2,2,2,-2,0,0,1,-147,51200000
1,1,2,0,2,2,2,0,0,0,1,147,25600000
1,1,2,0,2,2,2,2,0,0,1,-147,51200000
1,1,3,0,-2,-2,-2,-2,0,0,1,147,51200000
1,1,3,0,-2,-2,-2,0,0,0,1,-147,25600000
1,1,3,0,-2,-2,-2,2,0,0,1,147,51200000
1,1,3,0,-2,-2,-1,-2,0,0,1,147,12800000
1,1,3,0,-2,-2,-1,-1,0,0,1,399,3200000
1,1,3,0,-2,-2,-1,1,0,0,1,-399,3200000
1,1,3,0,-2,-2,-1,2,0,0,1,-147,12800000
1,1,3,0,-2,-2,0,-2,0,0,1,441,25600000
1,1,3,0,-2,-2,0,-1,0,0,1,399,1600000
1,1,3,0,-2,-2,0,0,0,0,1,63683,12800000
1,1,3,0,-2,-2,0,1,0,0,1,399,1600000
1,1,3,0,-2,-2,0,2,0,0,1,441,25600000
1,1,3,0,-2,-2,1,-2,0,0,1,147,12800000
1,1,3,0,-2,-2,1,-1,0,0,1,399,3200000
1,1,3,0,-2,-2,1,1,0,0,1,-399,3200000
1,1,3,0,-2,-2,1,2,0,0,1,-147,12800000
1,1,3,0,-2,-2,2,-2,0,0,1,147,51200000
1,1,3,0,-2,-2,2,0,0,0,1,-147,25600000
1,1,3,0,-2,-2,2,2,0,0,1,147,51200000
1,1,3,0,-2,-1,-1,-1,0,0,1,441,6400000
1,1,3,0,-2,-1,-1,1,0,0,1,-441,6400000
1,1,3,0,-2,-1,0,-1,0,0,1,441,3200000
1,1,3,0,-2,-1,0,0,0,0,1,5187,800000
1,1,3,0,-2,-1,0,1,0,0,1,441,3200000
1,1,3,0,-2,-1,1,-1,0,0,1,441,6400000
1,1,3,0,-2,-1,1,1,0,0,1,-441,6400000
1,1,3,0,-1,-1,-1,-1,0,21,400000,0,1
1,1,3,0,-1,-1,-1,1,0,-21,400000,0,1
1,1,3,0,-1,-1,0,-1,0,21,200000,0,1
1,1,3,0,-1,-1,0,0,0,247,50000,0,1
1,1,3,0,-1,-1,0,1,0,21,200000,0,1
1,1,3,0,-1,-1,1,-1,0,21,400000,0,1
1,1,3,0,-1,-1,1,1,0,-21,400000,0,1
1,1,3,0,0,-1,-1,-1,0,0,1,-441,6400000
1,1,3,0,0,-1,-1,1,0,0,1,441,6400000
1,1,3,0,0,-1,0,-1,0,0,1,-441,3200000
1,1,3,0,0,-1,0,0,0,0,1,-5187,800000
1,1,3,0,0,-1,0,1,0,0,1,-441,3200000
1,1,3,0,0,-1,1,-1,0,0,1,-441,6400000
1,1,3,0,0,-1,1,1,0,0,1,441,6400000
1,1,3,0,0,1,-1,-1,0,0,1,-441,6400000
1,1,3,0,0,1,-1,1,0,0,1,441,6400000
1,1,3,0,0,1,0,-1,0,0,1,441,3200000
1,1,3,0,0,1,0,0,0,0,1,5187,800000
1,1,3,0,0,1,0,1,0,0,1,441,3200000
1,1,3,0,0,1,1,-1,0,0,1,-441,6400000
1,1,3,0,0,1,1,1,0,0,1,441,6400000
1,1,3,0,1,1,-1,-1,0,-21,400000,0,1
1,1,3,0,1,1,-1,1,0,21,400000,0,1
1,1,3,0,1,1,0,-1,0,21,200000,0,1
1,1,3,0,1,1,0,0,0,247,50000,0,1
1,1,3,0,1,1,0,1,0,21,200000,0,1
1,1,3,0,1,1,1,-1,0,-21,400000,0,1
1,1,3,0,1,1,1,1,0,21,400000,0,1
1,1,3,0,2,1,-1,-1,0,0,1,441,6400000
1,1,3,0,2,1,-1,1,0,0,1,-441,6400000
1,1,3,0,2,1,0,-1,0,0,1,-441,3200000
1,1,3,0,2,1,0,0,0,0,1,-5187,800000
1,1,3,0,2,1,0,1,0,0,1,-441,3200000
1,1,3,0,2,1,1,-1,0,0,1,441,6400000
1,1,3,0,2,1,1,1,0,0,1,-441,6400000
1,1,3,0,2,2,-2,-2,0,0,1,-147,51200000
1,1,3,0,2,2,-2,0,0,0,1,147,25600000
1,1,3,0,2,2,-2,2,0,0,1,-147,51200000
1,1,3,0,2,2,-1,-2,0,0,1,147,12800000
1,1,3,0,2,2,-1,-1,0,0,1,399,3200000
1,1,3,0,2,2,-1,1,0,0,1,-399,3200000
1,1,3,0,2,2,-1,2,0,0,1,-147,12800000
1,1,3,0,2,2,0,-2,0,0,1,-441,25600000
1,1,3,0,2,2,0,-1,0,0,1,-399,1600000
1,1,3,0,2,2,0,0,0,0,1,-63683,12800000
1,1,3,0,2,2,0,1,0,0,1,-399,1600000
1,1,3,0,2,2,0,2,0,0,1,-441,25600000
1,1,3,0,2,2,1,-2,0,0,1,147,12800000
1,1,3,0,2,2,1,-1,0,0,1,399,3200000
1,1,3,0,2,2,1,1,0,0,1,-399,3200000
1,1,3,0,2,2,1,2,0,0,1,-147,12800000
1,1,3,0,2,2,2,-2,0,0,1,-147,51200000
1,1,3,0,2,2,2,0,0,0,1,147,25600000
1,1,3,0,2,2,2,2,0,0,1,-147,51200000
1,1,4,0,-2,-2,-2,-2,0,0,1,147,51200000
1,1,4,0,-2,-2,-2,0,0,0,1,-147,25600000
1,1,4,0,-2,-2,-2,2,0,0,1,147,51200000
1,1,4,0,-2,-2,-1,-2,0,0,1,147,25600000
1,1,4,0,-2,-2,-1,-1,0,0,1,399,6400000
1,1,4,0,-2,-2,-1,1,0,0,1,-399,6400000
1,1,4,0,-2,-2,-1,2,0,0,1,-147,25600000
1,1,4,0,-2,-2,1,-2,0,0,1,-147,25600000
1,1,4,0,-2,-2,1,-1,0,0,1,-399,6400000
1,1,4,0,-2,-2,1,1,0,0,1,399,6400000
1,1,4,0,-2,-2,1,2,0,0,1,147,25600000
1,1,4,0,-2,-2,2,-2,0,0,1,-147,51200000
1,1,4,0,-2,-2,2,0,0,0,1,147,25600000
1,1,4,0,-2,-2,2,2,0,0,1,-147,51200000
1,1,4,0,-2,-1,-1,-1,0,0,1,441,6400000
1,1,4,0,-2,-1,-1,1,0,0,1,-441,6400000
1,1,4,0,-2,-1,1,-1,0,0,1,-441,6400000
1,1,4,0,-2,-1,1,1,0,0,1,441,6400000
1,1,4,0,-1,-1,-1,-1,0,21,400000,0,1
1,1,4,0,-1,-1,-1,1,0,-21,400000,0,1
1,1,4,0,-1,-1,1,-1,0,-21,400000,0,1
1,1,4,0,-1,-1,1,1,0,21,400000,0,1
1,1,4,0,0,-1,-1,-1,0,0,1,-441,6400000
1,1,4,0,0,-1,-1,1,0,0,1,441,6400000
1,1,4,0,0,-1,1,-1,0,0,1,441,6400000
1,1,4,0,0,-1,1,1,0,0,1,-441,6400000
1,1,4,0,0,0,-2,-2,0,0,1,-147,25600000
1,1,4,0,0,0,-2,0,0,0,1,147,12800000
1,1,4,0,0,0,-2,2,0,0,1,-147,25600000
1,1,4,0,0,0,-1,-1,0,0,1,21,320000
1,1,4,0,0,0,-1,1,0,0,1,-21,320000
1,1,4,0,0,0,1,-1,0,0,1,21,320000
1,1,4,0,0,0,1,1,0,0,1,-21,320000
1,1,4,0,0,0,2,-2,0,0,1,147,25600000
1,1,4,0,0,0,2,0,0,0,1,-147,12800000
1,1,4,0,0,0,2,2,0,0,1,147,25600000
1,1,4,0,0,1,-1,-1,0,0,1,441,6400000
1,1,4,0,0,1,-1,1,0,0,1,-441,6400000
1,1,4,0,0,1,1,-1,0,0,1,-441,6400000
1,1,4,0,0,1,1,1,0,0,1,441,6400000
1,1,4,0,1,1,-1,-1,0,21,400000,0,1
1,1,4,0,1,1,-1,1,0,-21,400000,0,1
1,1,4,0,1,1,1,-1,0,-21,400000,0,1
1,1,4,0,1,1,1,1,0,21,400000,0,1
1,1,4,0,2,1,-1,-1,0,0,1,-441,6400000
1,1,4,0,2,1,-1,1,0,0,1,441,6400000
1,1,4,0,2,1,1,-1,0,0,1,441,6400000
1,1,4,0,2,1,1,1,0,0,1,-441,6400000
1,1,4,0,2,2,-2,-2,0,0,1,147,51200000
1,1,4,0,2,2,-2,0,0,0,1,-147,25600000
1,1,4,0,2,2,-2,2,0,0,1,147,51200000
1,1,4,0,2,2,-1,-2,0,0,1,-147,25600000
1,1,4,0,2,2,-1,-1,0,0,1,-399,6400000
1,1,4,0,2,2,-1,1,0,0,1,399,6400000
1,1,4,0,2,2,-1,2,0,0,1,147,25600000
1,1,4,0,2,2,1,-2,0,0,1,147,25600000
1,1,4,0,2,2,1,-1,0,0,1,399,6400000
1,1,4,0,2,2,1,1,0,0,1,-399,6400000
1,1,4,0,2,2,1,2,0,0,1,-147,25600000
1,1,4,0,2,2,2,-2,0,0,1,-147,51200000
1,1,4,0,2,2,2,0,0,0,1,147,25600000
1,1,4,0,2,2,2,2,0,0,1,-147,51200000
1,1,5,0,-2,-2,-2,-2,0,0,1,147,51200000
1,1,5,0,-2,-2,-2,2,0,0,1,-147,51200000
1,1,5,0,-2,-2,-1,-2,0,0,1,147,12800000
1,1,5,0,-2,-2,-1,-1,0,0,1,399,6400000
1,1,5,0,-2,-2,-1,1,0,0,1,399,6400000
1,1,5,0,-2,-2,-1,2,0,0,1,147,12800000
1,1,5,0,-2,-2,0,-2,0,0,1,441,25600000
1,1,5,0,-2,-2,0,-1,0,0,1,399,3200000
1,1,5,0,-2,-2,0,1,0,0,1,-399,3200000
1,1,5,0,-2,-2,0,2,0,0,1,-441,25600000
1,1,5,0,-2,-2,1,-2,0,0,1,147,12800000
1,1,5,0,-2,-2,1,-1,0,0,1,399,6400000
1,1,5,0,-2,-2,1,1,0,0,1,399,6400000
1,1,5,0,-2,-2,1,2,0,0,1,147,12800000
1,1,5,0,-2,-2,2,-2,0,0,1,147,51200000
1,1,5,0,-2,-2,2,2,0,0,1,-147,51200000
1,1,5,0,-2,-1,-1,-1,0,0,1,441,6400000
1,1,5,0,-2,-1,-1,1,0,0,1,441,6400000
1,1,5,0,-2,-1,0,-1,0,0,1,441,3200000
1,1,5,0,-2,-1,0,1,0,0,1,-441,3200000
1,1,5,0,-2,-1,1,-1,0,0,1,441,6400000
1,1,5,0,-2,-1,1,1,0,0,1,441,6400000
1,1,5,0,-1,-1,-1,-1,0,21,400000,0,1
1,1,5,0,-1,-1,-1,1,0,21,400000,0,1
1,1,5,0,-1,-1,0,-1,0,21,200000,0,1
1,1,5,0,-1,-1,0,1,0,-21,200000,0,1
1,1,5,0,-1,-1,1,-1,0,21,400000,0,1
1,1,5,0,-1,-1,1,1,0,21,400000,0,1
1,1,5,0,0,-1,-1,-1,0,0,1,-441,6400000
1,1,5,0,0,-1,-1,1,0,0,1,-441,6400000
1,1,5,0,0,-1,0,-1,0,0,1,-441,3200000
1,1,5,0,0,-1,0,1,0,0,1,441,3200000
1,1,5,0,0,-1,1,-1,0,0,1,-441,6400000
1,1,5,0,0,-1,1,1,0,0,1,-441,6400000
1,1,5,0,0,0,-2,-2,0,0,1,-147,25600000
1,1,5,0,0,0,-2,2,0,0,1,147,25600000
1,1,5,0,0,0,-1,-1,0,0,1,21,320000
1,1,5,0,0,0,-1,1,0,0,1,21,320000
1,1,5,0,0,0,0,-2,0,0,1,147,12800000
1,1,5,0,0,0,0,-1,0,0,1,-399,1600000
1,1,5,0,0,0,0,1,0,0,1,399,1600000
1,1,5,0,0,0,0,2,0,0,1,-147,12800000
1,1,5,0,0,0,1,-1,0,0,1,-21,320000
1,1,5,0,0,0,1,1,0,0,1,-21,320000
1,1,5,0,0,0,2,-2,0,0,1,-147,25600000
1,1,5,0,0,0,2,2,0,0,1,147,25600000
1,1,5,0,0,1,-1,-1,0,0,1,441,6400000
1,1,5,0,0,1,-1,1,0,0,1,441,6400000
1,1,5,0,0,1,0,-1,0,0,1,-441,3200000
1,1,5,0,0,1,0,1,0,0,1,441,3200000
1,1,5,0,0,1,1,-1,0,0,1,441,6400000
1,1,5,0,0,1,1,1,0,0,1,441,6400000
1,1,5,0,1,1,-1,-1,0,21,400000,0,1
1,1,5,0,1,1,-1,1,0,21,400000,0,1
1,1,5,0,1,1,0,-1,0,-21,200000,0,1
1,1,5,0,1,1,0,1,0,21,200000,0,1
1,1,5,0,1,1,1,-1,0,21,400000,0,1
1,1,5,0,1,1,1,1,0,21,400000,0,1
1,1,5,0,2,1,-1,-1,0,0,1,-441,6400000
1,1,5,0,2,1,-1,1,0,0,1,-441,6400000
1,1,5,0,2,1,0,-1,0,0,1,441,3200000
1,1,5,0,2,1,0,1,0,0,1,-441,3200000
1,1,5,0,2,1,1,-1,0,0,1,-441,6400000
1,1,5,0,2,1,1,1,0,0,1,-441,6400000
1,1,5,0,2,2,-2,-2,0,0,1,147,51200000
1,1,5,0,2,2,-2,2,0,0,1,-147,51200000
1,1,5,0,2,2,-1,-2,0,0,1,-147,12800000
1,1,5,0,2,2,-1,-1,0,0,1,-399,6400000
1,1,5,0,2,2,-1,1,0,0,1,-399,6400000
1,1,5,0,2,2,-1,2,0,0,1,-147,12800000
1,1,5,0,2,2,0,-2,0,0,1,441,25600000
1,1,5,0,2,2,0,-1,0,0,1,399,3200000
1,1,5,0,2,2,0,1,0,0,1,-399,3200000
1,1,5,0,2,2,0,2,0,0,1,-441,25600000
1,1,5,0,2,2,1,-2,0,0,1,-147,12800000
1,1,5,0,2,2,1,-1,0,0,1,-399,6400000
1,1,5,0,2,2,1,1,0,0,1,-399,6400000
1,1,5,0,2,2,1,2,0,0,1,-147,12800000
1,1,5,0,2,2,2,-2,0,0,1,147,51200000
1,1,5,0,2,2,2,2,0,0,1,-147,51200000
1,2,1,0,-2,-2,-2,-2,0,0,1,147,51200000
1,2,1,0,-2,-2,-2,0,0,0,1,-147,25600000
1,2,1,0,-2,-2,-2,2,0,0,1,147,51200000
1,2,1,0,-2,-2,-1,-2,0,0,1,147,12800000
1,2,1,0,-2,-2,-1,-1,0,0,1,399,3200000
1,2,1,0,-2,-2,-1,1,0,0,1,-399,3200000
1,2,1,0,-2,-2,-1,2,0,0,1,-147,12800000
1,2,1,0,-2,-2,0,-2,0,0,1,441,25600000
1,2,1,0,-2,-2,0,-1,0,0,1,399,1600000
1,2,1,0,-2,-2,0,0,0,0,1,63683,12800000
1,2,1,0,-2,-2,0,1,0,0,1,399,1600000
1,2,1,0,-2,-2,0,2,0,0,1,441,25600000
1,2,1,0,-2,-2,1,-2,0,0,1,147,12800000
1,2,1,0,-2,-2,1,-1,0,0,1,399,3200000
1,2,1,0,-2,-2,1,1,0,0,1,-399,3200000
1,2,1,0,-2,-2,1,2,0,0,1,-147,12800000
1,2,1,0,-2,-2,2,-2,0,0,1,147,51200000
1,2,1,0,-2,-2,2,0,0,0,1,-147,25600000
1,2,1,0,-2,-2,2,2,0,0,1,147,51200000
1,2,1,0,-2,-1,-1,-1,0,0,1,441,3200000
1,2,1,0,-2,-1,-1,1,0,0,1,-441,3200000
1,2,1,0,-2,-1,0,-1,0,0,1,441,1600000
1,2,1,0,-2,-1,0,0,0,0,1,5187,400000
1,2,1,0,-2,-1,0,1,0,0,1,441,1600000
1,2,1,0,-2,-1,1,-1,0,0,1,441,3200000
1,2,1,0,-2,-1,1,1,0,0,1,-441,3200000
1,2,1,0,-2,0,0,0,0,0,1,14553,800000
1,2,1,0,-1,-1,-1,-1,0,21,400000,0,1
1,2,1,0,-1,-1,-1,1,0,-21,400000,0,1
1,2,1,0,-1,-1,0,-1,0,21,200000,0,1
1,2,1,0,-1,-1,0,0,0,247,50000,0,1
1,2,1,0,-1,-1,0,1,0,21,200000,0,1
1,2,1,0,-1,-1,1,-1,0,21,400000,0,1
1,2,1,0,-1,-1,1,1,0,-21,400000,0,1
1,2,1,0,-1,0,0,0,0,777,50000,0,1
1,2,1,0,1,0,0,0,0,777,50000,0,1
1,2,1,0,1,1,-1,-1,0,-21,400000,0,1
1,2,1,0,1,1,-1,1,0,21,400000,0,1
1,2,1,0,1,1,0,-1,0,21,200000,0,1
1,2,1,0,1,1,0,0,0,247,50000,0,1
1,2,1,0,1,1,0,1,0,21,200000,0,1
1,2,1,0,1,1,1,-1,0,-21,400000,0,1
1,2,1,0,1,1,1,1,0,21,400000,0,1
1,2,1,0,2,0,0,0,0,0,1,-14553,800000
1,2,1,0,2,1,-1,-1,0,0,1,441,3200000
1,2,1,0,2,1,-1,1,0,0,1,-441,3200000
1,2,1,0,2,1,0,-1,0,0,1,-441,1600000
1,2,1,0,2,1,0,0,0,0,1,-5187,400000
1,2,1,0,2,1,0,1,0,0,1,-441,1600000
1,2,1,0,2,1,1,-1,0,0,1,441,3200000
1,2,1,0,2,1,1,1,0,0,1,-441,3200000
1,2,1,0,2,2,-2,-2,0,0,1,-147,51200000
1,2,1,0,2,2,-2,0,0,0,1,147,25600000
1,2,1,0,2,2,-2,2,0,0,1,-147,51200000
1,2,1,0,2,2,-1,-2,0,0,1,147,12800000
1,2,1,0,2,2,-1,-1,0,0,1,399,3200000
1,2,1,0,2,2,-1,1,0,0,1,-399,3200000
1,2,1,0,2,2,-1,2,0,0,1,-147,12800000
1,2,1,0,2,2,0,-2,0,0,1,-441,25600000
1,2,1,0,2,2,0,-1,0,0,1,-399,1600000
1,2,1,0,2,2,0,0,0,0,1,-63683,12800000
1,2,1,0,2,2,0,1,0,0,1,-399,1600000
1,2,1,0,2,2,0,2,0,0,1,-441,25600000
1,2,1,0,2,2,1,-2,0,0,1,147,12800000
1,2,1,0,2,2,1,-1,0,0,1,399,3200000
1,2,1,0,2,2,1,1,0,0,1,-399,3200000
1,2,1,0,2,2,1,2,0,0,1,-147,12800000
1,2,1,0,2,2,2,-2,0,0,1,-147,51200000
1,2,1,0,2,2,2,0,0,0,1,147,25600000
1,2,1,0,2,2,2,2,0,0,1,-147,51200000
1,2,2,0,-1,-1,-2,-2,0,0,1,-147,25600000
1,2,2,0,-1,-1,-2,0,0,0,1,147,12800000
1,2,2,0,-1,-1,-2,2,0,0,1,-147,25600000
1,2,2,0,-1,-1,-1,-2,0,0,1,-147,12800000
1,2,2,0,-1,-1,-1,-1,0,0,1,-147,1600000
1,2,2,0,-1,-1,-1,1,0,0,1,147,1600000
1,2,2,0,-1,-1,-1,2,0,0,1,147,12800000
1,2,2,0,-1,-1,0,-1,0,0,1,21,320000
1,2,2,0,-1,-1,0,0,0,0,1,247,80000
1,2,2,0,-1,-1,0,1,0,0,1,21,320000
1,2,2,0,-1,-1,1,-2,0,0,1,147,12800000
1,2,2,0,-1,-1,1,-1,0,0,1,63,400000
1,2,2,0,-1,-1,1,1,0,0,1,-63,400000
1,2,2,0,-1,-1,1,2,0,0,1,-147,12800000
1,2,2,0,-1,-1,2,-2,0,0,1,147,25600000
1,2,2,0,-1,-1,2,0,0,0,1,-147,12800000
1,2,2,0,-1,-1,2,2,0,0,1,147,25600000
1,2,2,0,-1,0,-1,-1,0,0,1,-441,3200000
1,2,2,0,-1,0,-1,1,0,0,1,441,3200000
1,2,2,0,-1,0,0,0,0,0,1,483,80000
1,2,2,0,-1,0,1,-1,0,0,1,441,3200000
1,2,2,0,-1,0,1,1,0,0,1,-441,3200000
1,2,2,0,1,0,-1,-1,0,0,1,441,3200000
1,2,2,0,1,0,-1,1,0,0,1,-441,3200000
1,2,2,0,1,0,0,0,0,0,1,-483,80000
1,2,2,0,1,0,1,-1,0,0,1,-441,3200000
1,2,2,0,1,0,1,1,0,0,1,441,3200000
1,2,2,0,1,1,-2,-2,0,0,1,-147,25600000
1,2,2,0,1,1,-2,0,0,0,1,147,12800000
1,2,2,0,1,1,-2,2,0,0,1,-147,25600000
1,2,2,0,1,1,-1,-2,0,0,1,147,12800000
1,2,2,0,1,1,-1,-1,0,0,1,63,400000
1,2,2,0,1,1,-1,1,0,0,1,-63,400000
1,2,2,0,1,1,-1,2,0,0,1,-147,12800000
1,2,2,0,1,1,0,-1,0,0,1,-21,320000
1,2,2,0,1,1,0,0,0,0,1,-247,80000
1,2,2,0,1,1,0,1,0,0,1,-21,320000
1,2,2,0,1,1,1,-2,0,0,1,-147,12800000
1,2,2,0,1,1,1,-1,0,0,1,-147,1600000
1,2,2,0,1,1,1,1,0,0,1,147,1600000
1,2,2,0,1,1,1,2,0,0,1,147,12800000
1,2,2,0,1,1,2,-2,0,0,1,147,25600000
1,2,2,0,1,1,2,0,0,0,1,-147,12800000
1,2,2,0,1,1,2,2,0,0,1,147,25600000
1,2,3,0,-1,-1,-2,-2,0,0,1,-147,25600000
1,2,3,0,-1,-1,-2,0,0,0,1,147,12800000
1,2,3,0,-1,-1,-2,2,0,0,1,-147,25600000
1,2,3,0,-1,-1,-1,-2,0,0,1,-147,12800000
1,2,3,0,-1,-1,-1,-1,0,0,1,-147,1600000
1,2,3,0,-1,-1,-1,1,0,0,1,147,1600000
1,2,3,0,-1,-1,-1,2,0,0,1,147,12800000
1,2,3,0,-1,-1,0,-1,0,0,1,21,320000
1,2,3,0,-1,-1,0,0,0,0,1,247,80000
1,2,3,0,-1,-1,0,1,0,0,1,21,320000
1,2,3,0,-1,-1,1,-2,0,0,1,147,12800000
1,2,3,0,-1,-1,1,-1,0,0,1,63,400000
1,2,3,0,-1,-1,1,1,0,0,1,-63,400000
1,2,3,0,-1,-1,1,2,0,0,1,-147,12800000
1,2,3,0,-1,-1,2,-2,0,0,1,147,25600000
1,2,3,0,-1,-1,2,0,0,0,1,-147,12800000
1,2,3,0,-1,-1,2,2,0,0,1,147,25600000
1,2,3,0,1,1,-2,-2,0,0,1,-147,25600000
1,2,3,0,1,1,-2,0,0,0,1,147,12800000
1,2,3,0,1,1,-2,2,0,0,1,-147,25600000
1,2,3,0,1,1,-1,-2,0,0,1,147,12800000
1,2,3,0,1,1,-1,-1,0,0,1,63,400000
1,2,3,0,1,1,-1,1,0,0,1,-63,400000
1,2,3,0,1,1,-1,2,0,0,1,-147,12800000
1,2,3,0,1,1,0,-1,0,0,1,-21,320000
1,2,3,0,1,1,0,0,0,0,1,-247,80000
1,2,3,0,1,1,0,1,0,0,1,-21,320000
1,2,3,0,1,1,1,-2,0,0,1,-147,12800000
1,2,3,0,1,1,1,-1,0,0,1,-147,1600000
1,2,3,0,1,1,1,1,0,0,1,147,1600000
1,2,3,0,1,1,1,2,0,0,1,147,12800000
1,2,3,0,1,1,2,-2,0,0,1,147,25600000
1,2,3,0,1,1,2,0,0,0,1,-147,12800000
1,2,3,0,1,1,2,2,0,0,1,147,25600000
1,2,4,0,-1,-1,-2,-2,0,0,1,-147,25600000
1,2,4,0,-1,-1,-2,0,0,0,1,147,12800000
1,2,4,0,-1,-1,-2,2,0,0,1,-147,25600000
1,2,4,0,-1,-1,-1,-1,0,0,1,21,640000
1,2,4,0,-1,-1,-1,1,0,0,1,-21,640000
1,2,4,0,-1,-1,0,-2,0,0,1,147,12800000
1,2,4,0,-1,-1,0,0,0,0,1,-560441,19200000
1,2,4,0,-1,-1,0,2,0,0,1,147,12800000
1,2,4,0,-1,-1,1,-1,0,0,1,-21,640000
1,2,4,0,-1,-1,1,1,0,0,1,21,640000
1,2,4,0,-1,-1,2,-2,0,0,1,-147,25600000
1,2,4,0,-1,-1,2,0,0,0,1,147,12800000
1,2,4,0,-1,-1,2,2,0,0,1,-147,25600000
1,2,4,0,1,1,-2,-2,0,0,1,147,25600000
1,2,4,0,1,1,-2,0,0,0,1,-147,12800000
1,2,4,0,1,1,-2,2,0,0,1,147,25600000
1,2,4,0,1,1,-1,-1,0,0,1,-21,640000
1,2,4,0,1,1,-1,1,0,0,1,21,640000
1,2,4,0,1,1,0,-2,0,0,1,-147,12800000
1,2,4,0,1,1,0,0,0,0,1,560441,19200000
1,2,4,0,1,1,0,2,0,0,1,-147,12800000
1,2,4,0,1,1,1,-1,0,0,1,21,640000
1,2,4,0,1,1,1,1,0,0,1,-21,640000
1,2,4,0,1,1,2,-2,0,0,1,147,25600000
1,2,4,0,1,1,2,0,0,0,1,-147,12800000
1,2,4,0,1,1,2,2,0,0,1,147,25600000
1,2,5,0,-1,-1,-2,-2,0,0,1,-147,25600000
1,2,5,0,-1,-1,-2,2,0,0,1,147,25600000
1,2,5,0,-1,-1,-1,-2,0,0,1,-147,12800000
1,2,5,0,-1,-1,-1,-1,0,0,1,21,640000
1,2,5,0,-1,-1,-1,0,0,0,1,40147,6400000
1,2,5,0,-1,-1,-1,1,0,0,1,21,640000
1,2,5,0,-1,-1,-1,2,0,0,1,-147,12800000
1,2,5,0,-1,-1,0,-1,0,0,1,21,320000
1,2,5,0,-1,-1,0,1,0,0,1,-21,320000
1,2,5,0,-1,-1,1,-2,0,0,1,147,12800000
1,2,5,0,-1,-1,1,-1,0,0,1,21,640000
1,2,5,0,-1,-1,1,0,0,0,1,-40147,6400000
1,2,5,0,-1,-1,1,1,0,0,1,21,640000
1,2,5,0,-1,-1,1,2,0,0,1,147,12800000
1,2,5,0,-1,-1,2,-2,0,0,1,147,25600000
1,2,5,0,-1,-1,2,2,0,0,1,-147,25600000
1,2,5,0,1,1,-2,-2,0,0,1,147,25600000
1,2,5,0,1,1,-2,2,0,0,1,-147,25600000
1,2,5,0,1,1,-1,-2,0,0,1,-147,12800000
1,2,5,0,1,1,-1,-1,0,0,1,-21,640000
1,2,5,0,1,1,-1,0,0,0,1,40147,6400000
1,2,5,0,1,1,-1,1,0,0,1,-21,640000
1,2,5,0,1,1,-1,2,0,0,1,-147,12800000
1,2,5,0,1,1,0,-1,0,0,1,21,320000
1,2,5,0,1,1,0,1,0,0,1,-21,320000
1,2,5,0,1,1,1,-2,0,0,1,147,12800000
1,2,5,0,1,1,1,-1,0,0,1,-21,640000
1,2,5,0,1,1,1,0,0,0,1,-40147,6400000
1,2,5,0,1,1,1,1,0,0,1,-21,640000
1,2,5,0,1,1,1,2,0,0,1,147,12800000
1,2,5,0,1,1,2,-2,0,0,1,-147,25600000
1,2,5,0,1,1,2,2,0,0,1,147,25600000
1,2,6,0,-1,-1,-1,-1,0,0,1,-1,960
1,2,6,0,-1,-1,-1,1,0,0,1,1,960
1,2,6,0,-1,-1,0,-1,0,0,1,-1,480
1,2,6,0,-1,-1,0,1,0,0,1,-1,480
1,2,6,0,-1,-1,1,-1,0,0,1,-1,960
1,2,6,0,-1,-1,1,1,0,0,1,1,960
1,2,6,0,1,1,-1,-1,0,0,1,-1,960
1,2,6,0,1,1,-1,1,0,0,1,1,960
1,2,6,0,1,1,0,-1,0,0,1,1,480
1,2,6,0,1,1,0,1,0,0,1,1,480
1,2,6,0,1,1,1,-1,0,0,1,-1,960
1,2,6,0,1,1,1,1,0,0,1,1,960
1,3,1,0,-2,-2,-2,-2,0,0,1,147,51200000
1,3,1,0,-2,-2,-2,0,0,0,1,-147,25600000
1,3,1,0,-2,-2,-2,2,0,0,1,147,51200000
1,3,1,0,-2,-2,-1,-2,0,0,1,147,12800000
1,3,1,0,-2,-2,-1,-1,0,0,1,399,3200000
1,3,1,0,-2,-2,-1,1,0,0,1,-399,3200000
1,3,1,0,-2,-2,-1,2,0,0,1,-147,12800000
1,3,1,0,-2,-2,0,-2,0,0,1,441,25600000
1,3,1,0,-2,-2,0,-1,0,0,1,399,1600000
1,3,1,0,-2,-2,0,0,0,0,1,63683,12800000
1,3,1,0,-2,-2,0,1,0,0,1,399,1600000
1,3,1,0,-2,-2,0,2,0,0,1,441,25600000
1,3,1,0,-2,-2,1,-2,0,0,1,147,12800000
1,3,1,0,-2,-2,1,-1,0,0,1,399,3200000
1,3,1,0,-2,-2,1,1,0,0,1,-399,3200000
1,3,1,0,-2,-2,1,2,0,0,1,-147,12800000
1,3,1,0,-2,-2,2,-2,0,0,1,147,51200000
1,3,1,0,-2,-2,2,0,0,0,1,-147,25600000
1,3,1,0,-2,-2,2,2,0,0,1,147,51200000
1,3,1,0,-2,-1,-1,-1,0,0,1,441,6400000
1,3,1,0,-2,-1,-1,1,0,0,1,-441,6400000
1,3,1,0,-2,-1,0,-1,0,0,1,441,3200000
1,3,1,0,-2,-1,0,0,0,0,1,5187,800000
1,3,1,0,-2,-1,0,1,0,0,1,441,3200000
1,3,1,0,-2,-1,1,-1,0,0,1,441,6400000
1,3,1,0,-2,-1,1,1,0,0,1,-441,6400000
1,3,1,0,-1,-1,-1,-1,0,21,400000,0,1
1,3,1,0,-1,-1,-1,1,0,-21,400000,0,1
1,3,1,0,-1,-1,0,-1,0,21,200000,0,1
1,3,1,0,-1,-1,0,0,0,247,50000,0,1
1,3,1,0,-1,-1,0,1,0,21,200000,0,1
1,3,1,0,-1,-1,1,-1,0,21,400000,0,1
1,3,1,0,-1,-1,1,1,0,-21,400000,0,1
1,3,1,0,0,-1,-1,-1,0,0,1,-441,6400000
1,3,1,0,0,-1,-1,1,0,0,1,441,6400000
1,3,1,0,0,-1,0,-1,0,0,1,-441,3200000
1,3,1,0,0,-1,0,0,0,0,1,-5187,800000
1,3,1,0,0,-1,0,1,0,0,1,-441,3200000
1,3,1,0,0,-1,1,-1,0,0,1,-441,6400000
1,3,1,0,0,-1,1,1,0,0,1,441,6400000
1,3,1,0,0,1,-1,-1,0,0,1,-441,6400000
1,3,1,0,0,1,-1,1,0,0,1,441,6400000
1,3,1,0,0,1,0,-1,0,0,1,441,3200000
1,3,1,0,0,1,0,0,0,0,1,5187,800000
1,3,1,0,0,1,0,1,0,0,1,441,3200000
1,3,1,0,0,1,1,-1,0,0,1,-441,6400000
1,3,1,0,0,1,1,1,0,0,1,441,6400000
1,3,1,0,1,1,-1,-1,0,-21,400000,0,1
1,3,1,0,1,1,-1,1,0,21,400000,0,1
1,3,1,0,1,1,0,-1,0,21,200000,0,1
1,3,1,0,1,1,0,0,0,247,50000,0,1
1,3,1,0,1,1,0,1,0,21,200000,0,1
1,3,1,0,1,1,1,-1,0,-21,400000,0,1
1,3,1,0,1,1,1,1,0,21,400000,0,1
1,3,1,0,2,1,-1,-1,0,0,1,441,6400000
1,3,1,0,2,1,-1,1,0,0,1,-441,6400000
1,3,1,0,2,1,0,-1,0,0,1,-441,3200000
1,3,1,0,2,1,0,0,0,0,1,-5187,800000
1,3,1,0,2,1,0,1,0,0,1,-441,3200000
1,3,1,0,2,1,1,-1,0,0,1,441,6400000
1,3,1,0,2,1,1,1,0,0,1,-441,6400000
1,3,1,0,2,2,-2,-2,0,0,1,-147,51200000
1,3,1,0,2,2,-2,0,0,0,1,147,25600000
1,3,1,0,2,2,-2,2,0,0,1,-147,51200000
1,3,1,0,2,2,-1,-2,0,0,1,147,12800000
1,3,1,0,2,2,-1,-1,0,0,1,399,3200000
1,3,1,0,2,2,-1,1,0,0,1,-399,3200000
1,3,1,0,2,2,-1,2,0,0,1,-147,12800000
1,3,1,0,2,2,0,-2,0,0,1,-441,25600000
1,3,1,0,2,2,0,-1,0,0,1,-399,1600000
1,3,1,0,2,2,0,0,0,0,1,-63683,12800000
1,3,1,0,2,2,0,1,0,0,1,-399,1600000
1,3,1,0,2,2,0,2,0,0,1,-441,25600000
1,3,1,0,2,2,1,-2,0,0,1,147,12800000
1,3,1,0,2,2,1,-1,0,0,1,399,3200000
1,3,1,0,2,2,1,1,0,0,1,-399,3200000
1,3,1,0,2,2,1,2,0,0,1,-147,12800000
1,3,1,0,2,2,2,-2,0,0,1,-147,51200000
1,3,1,0,2,2,2,0,0,0,1,147,25600000
1,3,1,0,2,2,2,2,0,0,1,-147,51200000
1,3,2,0,-1,-1,-2,-2,0,0,1,-147,25600000
1,3,2,0,-1,-1,-2,0,0,0,1,147,12800000
1,3,2,0,-1,-1,-2,2,0,0,1,-147,25600000
1,3,2,0,-1,-1,-1,-2,0,0,1,-147,12800000
1,3,2,0,-1,-1,-1,-1,0,0,1,-147,1600000
1,3,2,0,-1,-1,-1,1,0,0,1,147,1600000
1,3,2,0,-1,-1,-1,2,0,0,1,147,12800000
1,3,2,0,-1,-1,0,-1,0,0,1,21,320000
1,3,2,0,-1,-1,0,0,0,0,1,247,80000
1,3,2,0,-1,-1,0,1,0,0,1,21,320000
1,3,2,0,-1,-1,1,-2,0,0,1,147,12800000
1,3,2,0,-1,-1,1,-1,0,0,1,63,400000
1,3,2,0,-1,-1,1,1,0,0,1,-63,400000
1,3,2,0,-1,-1,1,2,0,0,1,-147,12800000
1,3,2,0,-1,-1,2,-2,0,0,1,147,25600000
1,3,2,0,-1,-1,2,0,0,0,1,-147,12800000
1,3,2,0,-1,-1,2,2,0,0,1,147,25600000
1,3,2,0,1,1,-2,-2,0,0,1,-147,25600000
1,3,2,0,1,1,-2,0,0,0,1,147,12800000
1,3,2,0,1,1,-2,2,0,0,1,-147,25600000
1,3,2,0,1,1,-1,-2,0,0,1,147,12800000
1,3,2,0,1,1,-1,-1,0,0,1,63,400000
1,3,2,0,1,1,-1,1,0,0,1,-63,400000
1,3,2,0,1,1,-1,2,0,0,1,-147,12800000
1,3,2,0,1,1,0,-1,0,0,1,-21,320000
1,3,2,0,1,1,0,0,0,0,1,-247,80000
1,3,2,0,1,1,0,1,0,0,1,-21,320000
1,3,2,0,1,1,1,-2,0,0,1,-147,12800000
1,3,2,0,1,1,1,-1,0,0,1,-147,1600000
1,3,2,0,1,1,1,1,0,0,1,147,1600000
1,3,2,0,1,1,1,2,0,0,1,147,12800000
1,3,2,0,1,1,2,-2,0,0,1,147,25600000
1,3,2,0,1,1,2,0,0,0,1,-147,12800000
1,3,2,0,1,1,2,2,0,0,1,147,25600000
1,3,3,0,-1,-1,-2,-2,0,0,1,-147,25600000
1,3,3,0,-1,-1,-2,0,0,0,1,147,12800000
1,3,3,0,-1,-1,-2,2,0,0,1,-147,25600000
1,3,3,0,-1,-1,-1,-2,0,0,1,-147,12800000
1,3,3,0,-1,-1,-1,-1,0,0,1,-147,1600000
1,3,3,0,-1,-1,-1,1,0,0,1,147,1600000
1,3,3,0,-1,-1,-1,2,0,0,1,147,12800000
1,3,3,0,-1,-1,0,-1,0,0,1,21,320000
1,3,3,0,-1,-1,0,0,0,0,1,247,80000
1,3,3,0,-1,-1,0,1,0,0,1,21,320000
1,3,3,0,-1,-1,1,-2,0,0,1,147,12800000
1,3,3,0,-1,-1,1,-1,0,0,1,63,400000
1,3,3,0,-1,-1,1,1,0,0,1,-63,400000
1,3,3,0,-1,-1,1,2,0,0,1,-147,12800000
1,3,3,0,-1,-1,2,-2,0,0,1,147,25600000
1,3,3,0,-1,-1,2,0,0,0,1,-147,12800000
1,3,3,0,-1,-1,2,2,0,0,1,147,25600000
1,3,3,0,1,1,-2,-2,0,0,1,-147,25600000
1,3,3,0,1,1,-2,0,0,0,1,147,12800000
1,3,3,0,1,1,-2,2,0,0,1,-147,25600000
1,3,3,0,1,1,-1,-2,0,0,1,147,12800000
1,3,3,0,1,1,-1,-1,0,0,1,63,400000
1,3,3,0,1,1,-1,1,0,0,1,-63,400000
1,3,3,0,1,1,-1,2,0,0,1,-147,12800000
1,3,3,0,1,1,0,-1,0,0,1,-21,320000
1,3,3,0,1,1,0,0,0,0,1,-247,80000
1,3,3,0,1,1,0,1,0,0,1,-21,320000
1,3,3,0,1,1,1,-2,0,0,1,-147,12800000
1,3,3,0,1,1,1,-1,0,0,1,-147,1600000
1,3,3,0,1,1,1,1,0,0,1,147,1600000
1,3,3,0,1,1,1,2,0,0,1,147,12800000
1,3,3,0,1,1,2,-2,0,0,1,147,25600000
1,3,3,0,1,1,2,0,0,0,1,-147,12800000
1,3,3,0,1,1,2,2,0,0,1,147,25600000
1,3,4,0,-1,-1,-2,-2,0,0,1,-147,25600000
1,3,4,0,-1,-1,-2,0,0,0,1,147,12800000
1,3,4,0,-1,-1,-2,2,0,0,1,-147,25600000
1,3,4,0,-1,-1,-1,-1,0,0,1,21,640000
1,3,4,0,-1,-1,-1,1,0,0,1,-21,640000
1,3,4,0,-1,-1,0,-2,0,0,1,147,12800000
1,3,4,0,-1,-1,0,0,0,0,1,-560441,19200000
1,3,4,0,-1,-1,0,2,0,0,1,147,12800000
1,3,4,0,-1,-1,1,-1,0,0,1,-21,640000
1,3,4,0,-1,-1,1,1,0,0,1,21,640000
1,3,4,0,-1,-1,2,-2,0,0,1,-147,25600000
1,3,4,0,-1,-1,2,0,0,0,1,147,12800000
1,3,4,0,-1,-1,2,2,0,0,1,-147,25600000
1,3,4,0,1,1,-2,-2,0,0,1,147,25600000
1,3,4,0,1,1,-2,0,0,0,1,-147,12800000
1,3,4,0,1,1,-2,2,0,0,1,147,25600000
1,3,4,0,1,1,-1,-1,0,0,1,-21,640000
1,3,4,0,1,1,-1,1,0,0,1,21,640000
1,3,4,0,1,1,0,-2,0,0,1,-147,12800000
1,3,4,0,1,1,0,0,0,0,1,560441,19200000
1,3,4,0,1,1,0,2,0,0,1,-147,12800000
1,3,4,0,1,1,1,-1,0,0,1,21,640000
1,3,4,0,1,1,1,1,0,0,1,-21,640000
1,3,4,0,1,1,2,-2,0,0,1,147,25600000
1,3,4,0,1,1,2,0,0,0,1,-147,12800000
1,3,4,0,1,1,2,2,0,0,1,147,25600000
1,3,5,0,-1,-1,-2,-2,0,0,1,-147,25600000
1,3,5,0,-1,-1,-2,2,0,0,1,147,25600000
1,3,5,0,-1,-1,-1,-2,0,0,1,-147,12800000
1,3,5,0,-1,-1,-1,-1,0,0,1,21,640000
1,3,5,0,-1,-1,-1,0,0,0,1,40147,6400000
1,3,5,0,-1,-1,-1,1,0,0,1,21,640000
1,3,5,0,-1,-1,-1,2,0,0,1,-147,12800000
1,3,5,0,-1,-1,0,-1,0,0,1,21,320000
1,3,5,0,-1,-1,0,1,0,0,1,-21,320000
1,3,5,0,-1,-1,1,-2,0,0,1,147,12800000
1,3,5,0,-1,-1,1,-1,0,0,1,21,640000
1,3,5,0,-1,-1,1,0,0,0,1,-40147,6400000
1,3,5,0,-1,-1,1,1,0,0,1,21,640000
1,3,5,0,-1,-1,1,2,0,0,1,147,12800000
1,3,5,0,-1,-1,2,-2,0,0,1,147,25600000
1,3,5,0,-1,-1,2,2,0,0,1,-147,25600000
1,3,5,0,1,1,-2,-2,0,0,1,147,25600000
1,3,5,0,1,1,-2,2,0,0,1,-147,25600000
1,3,5,0,1,1,-1,-2,0,0,1,-147,12800000
1,3,5,0,1,1,-1,-1,0,0,1,-21,640000
1,3,5,0,1,1,-1,0,0,0,1,40147,6400000
1,3,5,0,1,1,-1,1,0,0,1,-21,640000
1,3,5,0,1,1,-1,2,0,0,1,-147,12800000
1,3,5,0,1,1,0,-1,0,0,1,21,320000
1,3,5,0,1,1,0,1,0,0,1,-21,320000
1,3,5,0,1,1,1,-2,0,0,1,147,12800000
1,3,5,0,1,1,1,-1,0,0,1,-21,640000
1,3,5,0,1,1,1,0,0,0,1,-40147,6400000
1,3,5,0,1,1,1,1,0,0,1,-21,640000
1,3,5,0,1,1,1,2,0,0,1,147,12800000
1,3,5,0,1,1,2,-2,0,0,1,-147,25600000
1,3,5,0,1,1,2,2,0,0,1,147,25600000
1,3,6,0,-1,-1,-1,-1,0,0,1,-1,960
1,3,6,0,-1,-1,-1,1,0,0,1,1,960
1,3,6,0,-1,-1,0,-1,0,0,1,-1,480
1,3,6,0,-1,-1,0,1,0,0,1,-1,480
1,3,6,0,-1,-1,1,-1,0,0,1,-1,960
1,3,6,0,-1,-1,1,1,0,0,1,1,960
1,3,6,0,1,1,-1,-1,0,0,1,-1,960
1,3,6,0,1,1,-1,1,0,0,1,1,960
1,3,6,0,1,1,0,-1,0,0,1,1,480
1,3,6,0,1,1,0,1,0,0,1,1,480
1,3,6,0,1,1,1,-1,0,0,1,-1,960
1,3,6,0,1,1,1,1,0,0,1,1,960
1,4,1,0,-2,-2,-2,-2,0,0,1,147,51200000
1,4,1,0,-2,-2,-2,0,0,0,1,-147,25600000
1,4,1,0,-2,-2,-2,2,0,0,1,147,51200000
1,4,1,0,-2,-2,-1,-2,0,0,1,147,25600000
1,4,1,0,-2,-2,-1,-1,0,0,1,399,6400000
1,4,1,0,-2,-2,-1,1,0,0,1,-399,6400000
1,4,1,0,-2,-2,-1,2,0,0,1,-147,25600000
1,4,1,0,-2,-2,1,-2,0,0,1,-147,25600000
1,4,1,0,-2,-2,1,-1,0,0,1,-399,6400000
1,4,1,0,-2,-2,1,1,0,0,1,399,6400000
1,4,1,0,-2,-2,1,2,0,0,1,147,25600000
1,4,1,0,-2,-2,2,-2,0,0,1,-147,51200000
1,4,1,0,-2,-2,2,0,0,0,1,147,25600000
1,4,1,0,-2,-2,2,2,0,0,1,-147,51200000
1,4,1,0,-2,-1,-1,-1,0,0,1,441,6400000
1,4,1,0,-2,-1,-1,1,0,0,1,-441,6400000
1,4,1,0,-2,-1,1,-1,0,0,1,-441,6400000
1,4,1,0,-2,-1,1,1,0,0,1,441,6400000
1,4,1,0,-1,-1,-1,-1,0,21,400000,0,1
1,4,1,0,-1,-1,-1,1,0,-21,400000,0,1
1,4,1,0,-1,-1,1,-1,0,-21,400000,0,1
1,4,1,0,-1,-1,1,1,0,21,400000,0,1
1,4,1,0,0,-1,-1,-1,0,0,1,-441,6400000
1,4,1,0,0,-1,-1,1,0,0,1,441,6400000
1,4,1,0,0,-1,1,-1,0,0,1,441,6400000
1,4,1,0,0,-1,1,1,0,0,1,-441,6400000
1,4,1,0,0,0,-2,-2,0,0,1,-147,25600000
1,4,1,0,0,0,-2,0,0,0,1,147,12800000
1,4,1,0,0,0,-2,2,0,0,1,-147,25600000
1,4,1,0,0,0,-1,-1,0,0,1,21,320000
1,4,1,0,0,0,-1,1,0,0,1,-21,320000
1,4,1,0,0,0,1,-1,0,0,1,21,320000
1,4,1,0,0,0,1,1,0,0,1,-21,320000
1,4,1,0,0,0,2,-2,0,0,1,147,25600000
1,4,1,0,0,0,2,0,0,0,1,-147,12800000
1,4,1,0,0,0,2,2,0,0,1,147,25600000
1,4,1,0,0,1,-1,-1,0,0,1,441,6400000
1,4,1,0,0,1,-1,1,0,0,1,-441,6400000
1,4,1,0,0,1,1,-1,0,0,1,-441,6400000
1,4,1,0,0,1,1,1,0,0,1,441,6400000
1,4,1,0,1,1,-1,-1,0,21,400000,0,1
1,4,1,0,1,1,-1,1,0,-21,400000,0,1
1,4,1,0,1,1,1,-1,0,-21,400000,0,1
1,4,1,0,1,1,1,1,0,21,400000,0,1
1,4,1,0,2,1,-1,-1,0,0,1,-441,6400000
1,4,1,0,2,1,-1,1,0,0,1,441,6400000
1,4,1,0,2,1,1,-1,0,0,1,441,6400000
1,4,1,0,2,1,1,1,0,0,1,-441,6400000
1,4,1,0,2,2,-2,-2,0,0,1,147,51200000
1,4,1,0,2,2,-2,0,0,0,1,-147,25600000
1,4,1,0,2,2,-2,2,0,0,1,147,51200000
1,4,1,0,2,2,-1,-2,0,0,1,-147,25600000
1,4,1,0,2,2,-1,-1,0,0,1,-399,6400000
1,4,1,0,2,2,-1,1,0,0,1,399,6400000
1,4,1,0,2,2,-1,2,0,0,1,147,25600000
1,4,1,0,2,2,1,-2,0,0,1,147,25600000
1,4,1,0,2,2,1,-1,0,0,1,399,6400000
1,4,1,0,2,2,1,1,0,0,1,-399,6400000
1,4,1,0,2,2,1,2,0,0,1,-147,25600000
1,4,1,0,2,2,2,-2,0,0,1,-147,51200000
1,4,1,0,2,2,2,0,0,0,1,147,25600000
1,4,1,0,2,2,2,2,0,0,1,-147,51200000
1,4,2,0,-1,-1,-2,-2,0,0,1,-147,25600000
1,4,2,0,-1,-1,-2,0,0,0,1,147,12800000
1,4,2,0,-1,-1,-2,2,0,0,1,-147,25600000
1,4,2,0,-1,-1,-1,-1,0,0,1,21,640000
1,4,2,0,-1,-1,-1,1,0,0,1,-21,640000
1,4,2,0,-1,-1,0,-2,0,0,1,147,12800000
1,4,2,0,-1,-1,0,0,0,0,1,-560441,19200000
1,4,2,0,-1,-1,0,2,0,0,1,147,12800000
1,4,2,0,-1,-1,1,-1,0,0,1,-21,640000
1,4,2,0,-1,-1,1,1,0,0,1,21,640000
1,4,2,0,-1,-1,2,-2,0,0,1,-147,25600000
1,4,2,0,-1,-1,2,0,0,0,1,147,12800000
1,4,2,0,-1,-1,2,2,0,0,1,-147,25600000
1,4,2,0,1,1,-2,-2,0,0,1,147,25600000
1,4,2,0,1,1,-2,0,0,0,1,-147,12800000
1,4,2,0,1,1,-2,2,0,0,1,147,25600000
1,4,2,0,1,1,-1,-1,0,0,1,-21,640000
1,4,2,0,1,1,-1,1,0,0,1,21,640000
1,4,2,0,1,1,0,-2,0,0,1,-147,12800000
1,4,2,0,1,1,0,0,0,0,1,560441,19200000
1,4,2,0,1,1,0,2,0,0,1,-147,12800000
1,4,2,0,1,1,1,-1,0,0,1,21,640000
1,4,2,0,1,1,1,1,0,0,1,-21,640000
1,4,2,0,1,1,2,-2,0,0,1,147,25600000
1,4,2,0,1,1,2,0,0,0,1,-147,12800000
1,4,2,0,1,1,2,2,0,0,1,147,25600000
1,4,3,0,-1,-1,-2,-2,0,0,1,-147,25600000
1,4,3,0,-1,-1,-2,0,0,0,1,147,12800000
1,4,3,0,-1,-1,-2,2,0,0,1,-147,25600000
1,4,3,0,-1,-1,-1,-1,0,0,1,21,640000
1,4,3,0,-1,-1,-1,1,0,0,1,-21,640000
1,4,3,0,-1,-1,0,-2,0,0,1,147,12800000
1,4,3,0,-1,-1,0,0,0,0,1,-560441,19200000
1,4,3,0,-1,-1,0,2,0,0,1,147,12800000
1,4,3,0,-1,-1,1,-1,0,0,1,-21,640000
1,4,3,0,-1,-1,1,1,0,0,1,21,640000
1,4,3,0,-1,-1,2,-2,0,0,1,-147,25600000
1,4,3,0,-1,-1,2,0,0,0,1,147,12800000
1,4,3,0,-1,-1,2,2,0,0,1,-147,25600000
1,4,3,0,1,1,-2,-2,0,0,1,147,25600000
1,4,3,0,1,1,-2,0,0,0,1,-147,12800000
1,4,3,0,1,1,-2,2,0,0,1,147,25600000
1,4,3,0,1,1,-1,-1,0,0,1,-21,640000
1,4,3,0,1,1,-1,1,0,0,1,21,640000
1,4,3,0,1,1,0,-2,0,0,1,-147,12800000
1,4,3,0,1,1,0,0,0,0,1,560441,19200000
1,4,3,0,1,1,0,2,0,0,1,-147,12800000
1,4,3,0,1,1,1,-1,0,0,1,21,640000
1,4,3,0,1,1,1,1,0,0,1,-21,640000
1,4,3,0,1,1,2,-2,0,0,1,147,25600000
1,4,3,0,1,1,2,0,0,0,1,-147,12800000
1,4,3,0,1,1,2,2,0,0,1,147,25600000
1,4,4,0,-1,-1,-1,-2,0,0,1,147,12800000
1,4,4,0,-1,-1,-1,-1,0,0,1,63,400000
1,4,4,0,-1,-1,-1,1,0,0,1,-63,400000
1,4,4,0,-1,-1,-1,2,0,0,1,-147,12800000
1,4,4,0,-1,-1,1,-2,0,0,1,-147,12800000
1,4,4,0,-1,-1,1,-1,0,0,1,-147,1600000
1,4,4,0,-1,-1,1,1,0,0,1,147,1600000
1,4,4,0,-1,-1,1,2,0,0,1,147,12800000
1,4,4,0,-1,0,-1,-1,0,0,1,441,3200000
1,4,4,0,-1,0,-1,1,0,0,1,-441,3200000
1,4,4,0,-1,0,1,-1,0,0,1,-441,3200000
1,4,4,0,-1,0,1,1,0,0,1,441,3200000
1,4,4,0,0,0,-1,-1,0,21,200000,0,1
1,4,4,0,0,0,-1,1,0,-21,200000,0,1
1,4,4,0,0,0,1,-1,0,-21,200000,0,1
1,4,4,0,0,0,1,1,0,21,200000,0,1
1,4,4,0,1,0,-1,-1,0,0,1,-441,3200000
1,4,4,0,1,0,-1,1,0,0,1,441,3200000
1,4,4,0,1,0,1,-1,0,0,1,441,3200000
1,4,4,0,1,0,1,1,0,0,1,-441,3200000
1,4,4,0,1,1,-1,-2,0,0,1,-147,12800000
1,4,4,0,1,1,-1,-1,0,0,1,-147,1600000
1,4,4,0,1,1,-1,1,0,0,1,147,1600000
1,4,4,0,1,1,-1,2,0,0,1,147,12800000
1,4,4,0,1,1,1,-2,0,0,1,147,12800000
1,4,4,0,1,1,1,-1,0,0,1,63,400000
1,4,4,0,1,1,1,1,0,0,1,-63,400000
1,4,4,0,1,1,1,2,0,0,1,-147,12800000
1,4,5,0,-1,-1,-1,-2,0,0,1,147,12800000
1,4,5,0,-1,-1,-1,-1,0,0,1,63,400000
1,4,5,0,-1,-1,-1,0,0,0,1,40147,6400000
1,4,5,0,-1,-1,-1,1,0,0,1,63,400000
1,4,5,0,-1,-1,-1,2,0,0,1,147,12800000
1,4,5,0,-1,-1,0,-2,0,0,1,147,6400000
1,4,5,0,-1,-1,0,2,0,0,1,-147,6400000
1,4,5,0,-1,-1,1,-2,0,0,1,147,12800000
1,4,5,0,-1,-1,1,-1,0,0,1,147,1600000
1,4,5,0,-1,-1,1,0,0,0,1,40147,6400000
1,4,5,0,-1,-1,1,1,0,0,1,147,1600000
1,4,5,0,-1,-1,1,2,0,0,1,147,12800000
1,4,5,0,-1,0,-1,-1,0,0,1,441,3200000
1,4,5,0,-1,0,-1,1,0,0,1,441,3200000
1,4,5,0,-1,0,1,-1,0,0,1,441,3200000
1,4,5,0,-1,0,1,1,0,0,1,441,3200000
1,4,5,0,0,0,-1,-1,0,21,200000,0,1
1,4,5,0,0,0,-1,1,0,21,200000,0,1
1,4,5,0,0,0,1,-1,0,21,200000,0,1
1,4,5,0,0,0,1,1,0,21,200000,0,1
1,4,5,0,1,0,-1,-1,0,0,1,-441,3200000
1,4,5,0,1,0,-1,1,0,0,1,-441,3200000
1,4,5,0,1,0,1,-1,0,0,1,-441,3200000
1,4,5,0,1,0,1,1,0,0,1,-441,3200000
1,4,5,0,1,1,-1,-2,0,0,1,-147,12800000
1,4,5,0,1,1,-1,-1,0,0,1,-147,1600000
1,4,5,0,1,1,-1,0,0,0,1,-40147,6400000
1,4,5,0,1,1,-1,1,0,0,1,-147,1600000
1,4,5,0,1,1,-1,2,0,0,1,-147,12800000
1,4,5,0,1,1,0,-2,0,0,1,147,6400000
1,4,5,0,1,1,0,2,0,0,1,-147,6400000
1,4,5,0,1,1,1,-2,0,0,1,-147,12800000
1,4,5,0,1,1,1,-1,0,0,1,-63,400000
1,4,5,0,1,1,1,0,0,0,1,-40147,6400000
1,4,5,0,1,1,1,1,0,0,1,-63,400000
1,4,5,0,1,1,1,2,0,0,1,-147,12800000
1,4,6,0,-1,-1,-1,-1,0,0,1,-1,960
1,4,6,0,-1,-1,-1,1,0,0,1,1,960
1,4,6,0,-1,-1,1,-1,0,0,1,1,960
1,4,6,0,-1,-1,1,1,0,0,1,-1,960
1,4,6,0,1,1,-1,-1,0,0,1,1,960
1,4,6,0,1,1,-1,1,0,0,1,-1,960
1,4,6,0,1,1,1,-1,0,0,1,-1,960
1,4,6,0,1,1,1,1,0,0,1,1,960
1,5,1,0,-2,-2,-2,-2,0,0,1,147,51200000
1,5,1,0,-2,-2,-2,2,0,0,1,-147,51200000
1,5,1,0,-2,-2,-1,-2,0,0,1,147,12800000
1,5,1,0,-2,-2,-1,-1,0,0,1,399,6400000
1,5,1,0,-2,-2,-1,1,0,0,1,399,6400000
1,5,1,0,-2,-2,-1,2,0,0,1,147,12800000
1,5,1,0,-2,-2,0,-2,0,0,1,441,25600000
1,5,1,0,-2,-2,0,-1,0,0,1,399,3200000
1,5,1,0,-2,-2,0,1,0,0,1,-399,3200000
1,5,1,0,-2,-2,0,2,0,0,1,-441,25600000
1,5,1,0,-2,-2,1,-2,0,0,1,147,12800000
1,5,1,0,-2,-2,1,-1,0,0,1,399,6400000
1,5,1,0,-2,-2,1,1,0,0,1,399,6400000
1,5,1,0,-2,-2,1,2,0,0,1,147,12800000
1,5,1,0,-2,-2,2,-2,0,0,1,147,51200000
1,5,1,0,-2,-2,2,2,0,0,1,-147,51200000
1,5,1,0,-2,-1,-1,-1,0,0,1,441,6400000
1,5,1,0,-2,-1,-1,1,0,0,1,441,6400000
1,5,1,0,-2,-1,0,-1,0,0,1,441,3200000
1,5,1,0,-2,-1,0,1,0,0,1,-441,3200000
1,5,1,0,-2,-1,1,-1,0,0,1,441,6400000
1,5,1,0,-2,-1,1,1,0,0,1,441,6400000
1,5,1,0,-1,-1,-1,-1,0,21,400000,0,1
1,5,1,0,-1,-1,-1,1,0,21,400000,0,1
1,5,1,0,-1,-1,0,-1,0,21,200000,0,1
1,5,1,0,-1,-1,0,1,0,-21,200000,0,1
1,5,1,0,-1,-1,1,-1,0,21,400000,0,1
1,5,1,0,-1,-1,1,1,0,21,400000,0,1
1,5,1,0,0,-1,-1,-1,0,0,1,-441,6400000
1,5,1,0,0,-1,-1,1,0,0,1,-441,6400000
1,5,1,0,0,-1,0,-1,0,0,1,-441,3200000
1,5,1,0,0,-1,0,1,0,0,1,441,3200000
1,5,1,0,0,-1,1,-1,0,0,1,-441,6400000
1,5,1,0,0,-1,1,1,0,0,1,-441,6400000
1,5,1,0,0,0,-2,-2,0,0,1,-147,25600000
1,5,1,0,0,0,-2,2,0,0,1,147,25600000
1,5,1,0,0,0,-1,-1,0,0,1,21,320000
1,5,1,0,0,0,-1,1,0,0,1,21,320000
1,5,1,0,0,0,0,-2,0,0,1,147,12800000
1,5,1,0,0,0,0,-1,0,0,1,-399,1600000
1,5,1,0,0,0,0,1,0,0,1,399,1600000
1,5,1,0,0,0,0,2,0,0,1,-147,12800000
1,5,1,0,0,0,1,-1,0,0,1,-21,320000
1,5,1,0,0,0,1,1,0,0,1,-21,320000
1,5,1,0,0,0,2,-2,0,0,1,-147,25600000
1,5,1,0,0,0,2,2,0,0,1,147,25600000
1,5,1,0,0,1,-1,-1,0,0,1,441,6400000
1,5,1,0,0,1,-1,1,0,0,1,441,6400000
1,5,1,0,0,1,0,-1,0,0,1,-441,3200000
1,5,1,0,0,1,0,1,0,0,1,441,3200000
1,5,1,0,0,1,1,-1,0,0,1,441,6400000
1,5,1,0,0,1,1,1,0,0,1,441,6400000
1,5,1,0,1,1,-1,-1,0,21,400000,0,1
1,5,1,0,1,1,-1,1,0,21,400000,0,1
1,5,1,0,1,1,0,-1,0,-21,200000,0,1
1,5,1,0,1,1,0,1,0,21,200000,0,1
1,5,1,0,1,1,1,-1,0,21,400000,0,1
1,5,1,0,1,1,1,1,0,21,400000,0,1
1,5,1,0,2,1,-1,-1,0,0,1,-441,6400000
1,5,1,0,2,1,-1,1,0,0,1,-441,6400000
1,5,1,0,2,1,0,-1,0,0,1,441,3200000
1,5,1,0,2,1,0,1,0,0,1,-441,3200000
1,5,1,0,2,1,1,-1,0,0,1,-441,6400000
1,5,1,0,2,1,1,1,0,0,1,-441,6400000
1,5,1,0,2,2,-2,-2,0,0,1,147,51200000
1,5,1,0,2,2,-2,2,0,0,1,-147,51200000
1,5,1,0,2,2,-1,-2,0,0,1,-147,12800000
1,5,1,0,2,2,-1,-1,0,0,1,-399,6400000
1,5,1,0,2,2,-1,1,0,0,1,-399,6400000
1,5,1,0,2,2,-1,2,0,0,1,-147,12800000
1,5,1,0,2,2,0,-2,0,0,1,441,25600000
1,5,1,0,2,2,0,-1,0,0,1,399,3200000
1,5,1,0,2,2,0,1,0,0,1,-399,3200000
1,5,1,0,2,2,0,2,0,0,1,-441,25600000
1,5,1,0,2,2,1,-2,0,0,1,-147,12800000
1,5,1,0,2,2,1,-1,0,0,1,-399,6400000
1,5,1,0,2,2,1,1,0,0,1,-399,6400000
1,5,1,0,2,2,1,2,0,0,1,-147,12800000
1,5,1,0,2,2,2,-2,0,0,1,147,51200000
1,5,1,0,2,2,2,2,0,0,1,-147,51200000
1,5,2,0,-1,-1,-2,-2,0,0,1,-147,25600000
1,5,2,0,-1,-1,-2,2,0,0,1,147,25600000
1,5,2,0,-1,-1,-1,-2,0,0,1,-147,12800000
1,5,2,0,-1,-1,-1,-1,0,0,1,21,640000
1,5,2,0,-1,-1,-1,0,0,0,1,40147,6400000
1,5,2,0,-1,-1,-1,1,0,0,1,21,640000
1,5,2,0,-1,-1,-1,2,0,0,1,-147,12800000
1,5,2,0,-1,-1,0,-1,0,0,1,21,320000
1,5,2,0,-1,-1,0,1,0,0,1,-21,320000
1,5,2,0,-1,-1,1,-2,0,0,1,147,12800000
1,5,2,0,-1,-1,1,-1,0,0,1,21,640000
1,5,2,0,-1,-1,1,0,0,0,1,-40147,6400000
1,5,2,0,-1,-1,1,1,0,0,1,21,640000
1,5,2,0,-1,-1,1,2,0,0,1,147,12800000
1,5,2,0,-1,-1,2,-2,0,0,1,147,25600000
1,5,2,0,-1,-1,2,2,0,0,1,-147,25600000
1,5,2,0,1,1,-2,-2,0,0,1,147,25600000
1,5,2,0,1,1,-2,2,0,0,1,-147,25600000
1,5,2,0,1,1,-1,-2,0,0,1,-147,12800000
1,5,2,0,1,1,-1,-1,0,0,1,-21,640000
1,5,2,0,1,1,-1,0,0,0,1,40147,6400000
1,5,2,0,1,1,-1,1,0,0,1,-21,640000
1,5,2,0,1,1,-1,2,0,0,1,-147,12800000
1,5,2,0,1,1,0,-1,0,0,1,21,320000
1,5,2,0,1,1,0,1,0,0,1,-21,320000
1,5,2,0,1,1,1,-2,0,0,1,147,12800000
1,5,2,0,1,1,1,-1,0,0,1,-21,640000
1,5,2,0,1,1,1,0,0,0,1,-40147,6400000
1,5,2,0,1,1,1,1,0,0,1,-21,640000
1,5,2,0,1,1,1,2,0,0,1,147,12800000
1,5,2,0,1,1,2,-2,0,0,1,-147,25600000
1,5,2,0,1,1,2,2,0,0,1,147,25600000
1,5,3,0,-1,-1,-2,-2,0,0,1,-147,25600000
1,5,3,0,-1,-1,-2,2,0,0,1,147,25600000
1,5,3,0,-1,-1,-1,-2,0,0,1,-147,12800000
1,5,3,0,-1,-1,-1,-1,0,0,1,21,640000
1,5,3,0,-1,-1,-1,0,0,0,1,40147,6400000
1,5,3,0,-1,-1,-1,1,0,0,1,21,640000
1,5,3,0,-1,-1,-1,2,0,0,1,-147,12800000
1,5,3,0,-1,-1,0,-1,0,0,1,21,320000
1,5,3,0,-1,-1,0,1,0,0,1,-21,320000
1,5,3,0,-1,-1,1,-2,0,0,1,147,12800000
1,5,3,0,-1,-1,1,-1,0,0,1,21,640000
1,5,3,0,-1,-1,1,0,0,0,1,-40147,6400000
1,5,3,0,-1,-1,1,1,0,0,1,21,640000
1,5,3,0,-1,-1,1,2,0,0,1,147,12800000
1,5,3,0,-1,-1,2,-2,0,0,1,147,25600000
1,5,3,0,-1,-1,2,2,0,0,1,-147,25600000
1,5,3,0,1,1,-2,-2,0,0,1,147,25600000
1,5,3,0,1,1,-2,2,0,0,1,-147,25600000
1,5,3,0,1,1,-1,-2,0,0,1,-147,12800000
1,5,3,0,1,1,-1,-1,0,0,1,-21,640000
1,5,3,0,1,1,-1,0,0,0,1,40147,6400000
1,5,3,0,1,1,-1,1,0,0,1,-21,640000
1,5,3,0,1,1,-1,2,0,0,1,-147,12800000
1,5,3,0,1,1,0,-1,0,0,1,21,320000
1,5,3,0,1,1,0,1,0,0,1,-21,320000
1,5,3,0,1,1,1,-2,0,0,1,147,12800000
1,5,3,0,1,1,1,-1,0,0,1,-21,640000
1,5,3,0,1,1,1,0,0,0,1,-40147,6400000
1,5,3,0,1,1,1,1,0,0,1,-21,640000
1,5,3,0,1,1,1,2,0,0,1,147,12800000
1,5,3,0,1,1,2,-2,0,0,1,-147,25600000
1,5,3,0,1,1,2,2,0,0,1,147,25600000
1,5,4,0,-1,-1,-1,-2,0,0,1,147,12800000
1,5,4,0,-1,-1,-1,-1,0,0,1,63,400000
1,5,4,0,-1,-1,-1,0,0,0,1,40147,6400000
1,5,4,0,-1,-1,-1,1,0,0,1,63,400000
1,5,4,0,-1,-1,-1,2,0,0,1,147,12800000
1,5,4,0,-1,-1,0,-2,0,0,1,147,6400000
1,5,4,0,-1,-1,0,2,0,0,1,-147,6400000
1,5,4,0,-1,-1,1,-2,0,0,1,147,12800000
1,5,4,0,-1,-1,1,-1,0,0,1,147,1600000
1,5,4,0,-1,-1,1,0,0,0,1,40147,6400000
1,5,4,0,-1,-1,1,1,0,0,1,147,1600000
1,5,4,0,-1,-1,1,2,0,0,1,147,12800000
1,5,4,0,-1,0,-1,-1,0,0,1,441,3200000
1,5,4,0,-1,0,-1,1,0,0,1,441,3200000
1,5,4,0,-1,0,1,-1,0,0,1,441,3200000
1,5,4,0,-1,0,1,1,0,0,1,441,3200000
1,5,4,0,0,0,-1,-1,0,21,200000,0,1
1,5,4,0,0,0,-1,1,0,21,200000,0,1
1,5,4,0,0,0,1,-1,0,21,200000,0,1
1,5,4,0,0,0,1,1,0,21,200000,0,1
1,5,4,0,1,0,-1,-1,0,0,1,-441,3200000
1,5,4,0,1,0,-1,1,0,0,1,-441,3200000
1,5,4,0,1,0,1,-1,0,0,1,-441,3200000
1,5,4,0,1,0,1,1,0,0,1,-441,3200000
1,5,4,0,1,1,-1,-2,0,0,1,-147,12800000
1,5,4,0,1,1,-1,-1,0,0,1,-147,1600000
1,5,4,0,1,1,-1,0,0,0,1,-40147,6400000
1,5,4,0,1,1,-1,1,0,0,1,-147,1600000
1,5,4,0,1,1,-1,2,0,0,1,-147,12800000
1,5,4,0,1,1,0,-2,0,0,1,147,6400000
1,5,4,0,1,1,0,2,0,0,1,-147,6400000
1,5,4,0,1,1,1,-2,0,0,1,-147,12800000
1,5,4,0,1,1,1,-1,0,0,1,-63,400000
1,5,4,0,1,1,1,0,0,0,1,-40147,6400000
1,5,4,0,1,1,1,1,0,0,1,-63,400000
1,5,4,0,1,1,1,2,0,0,1,-147,12800000
1,5,5,0,-1,-1,-1,-1,0,0,1,63,400000
1,5,5,0,-1,-1,-1,1,0,0,1,-63,400000
1,5,5,0,-1,-1,0,-1,0,0,1,21,320000
1,5,5,0,-1,-1,0,1,0,0,1,21,320000
1,5,5,0,-1,-1,1,-1,0,0,1,-147,1600000
1,5,5,0,-1,-1,1,1,0,0,1,147,1600000
1,5,5,0,-1,0,-1,-1,0,0,1,441,3200000
1,5,5,0,-1,0,-1,1,0,0,1,-441,3200000
1,5,5,0,-1,0,1,-1,0,0,1,-441,3200000
1,5,5,0,-1,0,1,1,0,0,1,441,3200000
1,5,5,0,0,0,-1,-1,0,21,200000,0,1
1,5,5,0,0,0,-1,1,0,-21,200000,0,1
1,5,5,0,0,0,1,-1,0,-21,200000,0,1
1,5,5,0,0,0,1,1,0,21,200000,0,1
1,5,5,0,1,0,-1,-1,0,0,1,-441,3200000
1,5,5,0,1,0,-1,1,0,0,1,441,3200000
1,5,5,0,1,0,1,-1,0,0,1,441,3200000
1,5,5,0,1,0,1,1,0,0,1,-441,3200000
1,5,5,0,1,1,-1,-1,0,0,1,-147,1600000
1,5,5,0,1,1,-1,1,0,0,1,147,1600000
1,5,5,0,1,1,0,-1,0,0,1,-21,320000
1,5,5,0,1,1,0,1,0,0,1,-21,320000
1,5,5,0,1,1,1,-1,0,0,1,63,400000
1,5,5,0,1,1,1,1,0,0,1,-63,400000
1,5,6,0,-1,-1,-1,-1,0,0,1,-1,960
1,5,6,0,-1,-1,-1,1,0,0,1,-1,960
1,5,6,0,-1,-1,0,-1,0,0,1,-1,480
1,5,6,0,-1,-1,0,1,0,0,1,1,480
1,5,6,0,-1,-1,1,-1,0,0,1,-1,960
1,5,6,0,-1,-1,1,1,0,0,1,-1,960
1,5,6,0,1,1,-1,-1,0,0,1,1,960
1,5,6,0,1,1,-1,1,0,0,1,1,960
1,5,6,0,1,1,0,-1,0,0,1,-1,480
1,5,6,0,1,1,0,1,0,0,1,1,480
1,5,6,0,1,1,1,-1,0,0,1,1,960
1,5,6,0,1,1,1,1,0,0,1,1,960
1,6,2,0,-1,-1,-1,-1,0,0,1,-1,960
1,6,2,0,-1,-1,-1,1,0,0,1,1,960
1,6,2,0,-1,-1,0,-1,0,0,1,-1,480
1,6,2,0,-1,-1,0,1,0,0,1,-1,480
1,6,2,0,-1,-1,1,-1,0,0,1,-1,960
1,6,2,0,-1,-1,1,1,0,0,1,1,960
1,6,2,0,1,1,-1,-1,0,0,1,-1,960
1,6,2,0,1,1,-1,1,0,0,1,1,960
1,6,2,0,1,1,0,-1,0,0,1,1,480
1,6,2,0,1,1,0,1,0,0,1,1,480
1,6,2,0,1,1,1,-1,0,0,1,-1,960
1,6,2,0,1,1,1,1,0,0,1,1,960
1,6,3,0,-1,-1,-1,-1,0,0,1,-1,960
1,6,3,0,-1,-1,-1,1,0,0,1,1,960
1,6,3,0,-1,-1,0,-1,0,0,1,-1,480
1,6,3,0,-1,-1,0,1,0,0,1,-1,480
1,6,3,0,-1,-1,1,-1,0,0,1,-1,960
1,6,3,0,-1,-1,1,1,0,0,1,1,960
1,6,3,0,1,1,-1,-1,0,0,1,-1,960
1,6,3,0,1,1,-1,1,0,0,1,1,960
1,6,3,0,1,1,0,-1,0,0,1,1,480
1,6,3,0,1,1,0,1,0,0,1,1,480
1,6,3,0,1,1,1,-1,0,0,1,-1,960
1,6,3,0,1,1,1,1,0,0,1,1,960
1,6,4,0,-1,-1,-1,-1,0,0,1,-1,960
1,6,4,0,-1,-1,-1,1,0,0,1,1,960
1,6,4,0,-1,-1,1,-1,0,0,1,1,960
1,6,4,0,-1,-1,1,1,0,0,1,-1,960
1,6,4,0,1,1,-1,-1,0,0,1,1,960
1,6,4,0,1,1,-1,1,0,0,1,-1,960
1,6,4,0,1,1,1,-1,0,0,1,-1,960
1,6,4,0,1,1,1,1,0,0,1,1,960
1,6,5,0,-1,-1,-1,-1,0,0,1,-1,960
1,6,5,0,-1,-1,-1,1,0,0,1,-1,960
1,6,5,0,-1,-1,0,-1,0,0,1,-1,480
1,6,5,0,-1,-1,0,1,0,0,1,1,480
1,6,5,0,-1,-1,1,-1,0,0,1,-1,960
1,6,5,0,-1,-1,1,1,0,0,1,-1,960
1,6,5,0,1,1,-1,-1,0,0,1,1,960
1,6,5,0,1,1,-1,1,0,0,1,1,960
1,6,5,0,1,1,0,-1,0,0,1,-1,480
1,6,5,0,1,1,0,1,0,0,1,1,480
1,6,5,0,1,1,1,-1,0,0,1,1,960
1,6,5,0,1,1,1,1,0,0,1,1,960
2,1,1,0,-2,-2,-2,-2,0,0,1,-147,51200000
2,1,1,0,-2,-2,-2,0,0,0,1,147,25600000
2,1,1,0,-2,-2,-2,2,0,0,1,-147,51200000
2,1,1,0,-2,-2,-1,-2,0,0,1,-147,12800000
2,1,1,0,-2,-2,-1,-1,0,0,1,-399,3200000
2,1,1,0,-2,-2,-1,1,0,0,1,399,3200000
2,1,1,0,-2,-2,-1,2,0,0,1,147,12800000
2,1,1,0,-2,-2,0,-2,0,0,1,-441,25600000
2,1,1,0,-2,-2,0,-1,0,0,1,-399,1600000
2,1,1,0,-2,-2,0,0,0,0,1,-63683,12800000
2,1,1,0,-2,-2,0,1,0,0,1,-399,1600000
2,1,1,0,-2,-2,0,2,0,0,1,-441,25600000
2,1,1,0,-2,-2,1,-2,0,0,1,-147,12800000
2,1,1,0,-2,-2,1,-1,0,0,1,-399,3200000
2,1,1,0,-2,-2,1,1,0,0,1,399,3200000
2,1,1,0,-2,-2,1,2,0,0,1,147,12800000
2,1,1,0,-2,-2,2,-2,0,0,1,-147,51200000
2,1,1,0,-2,-2,2,0,0,0,1,147,25600000
2,1,1,0,-2,-2,2,2,0,0,1,-147,51200000
2,1,1,0,-2,-1,-1,-1,0,0,1,-441,3200000
2,1,1,0,-2,-1,-1,1,0,0,1,441,3200000
2,1,1,0,-2,-1,0,-1,0,0,1,-441,1600000
2,1,1,0,-2,-1,0,0,0,0,1,-5187,400000
2,1,1,0,-2,-1,0,1,0,0,1,-441,1600000
2,1,1,0,-2,-1,1,-1,0,0,1,-441,3200000
2,1,1,0,-2,-1,1,1,0,0,1,441,3200000
2,1,1,0,-2,0,0,0,0,0,1,-14553,800000
2,1,1,0,-1,-1,-1,-1,0,-21,400000,0,1
2,1,1,0,-1,-1,-1,1,0,21,400000,0,1
2,1,1,0,-1,-1,0,-1,0,-21,200000,0,1
2,1,1,0,-1,-1,0,0,0,-247,50000,0,1
2,1,1,0,-1,-1,0,1,0,-21,200000,0,1
2,1,1,0,-1,-1,1,-1,0,-21,400000,0,1
2,1,1,0,-1,-1,1,1,0,21,400000,0,1
2,1,1,0,-1,0,0,0,0,-777,50000,0,1
2,1,1,0,1,0,0,0,0,-777,50000,0,1
2,1,1,0,1,1,-1,-1,0,21,400000,0,1
2,1,1,0,1,1,-1,1,0,-21,400000,0,1
2,1,1,0,1,1,0,-1,0,-21,200000,0,1
2,1,1,0,1,1,0,0,0,-247,50000,0,1
2,1,1,0,1,1,0,1,0,-21,200000,0,1
2,1,1,0,1,1,1,-1,0,21,400000,0,1
2,1,1,0,1,1,1,1,0,-21,400000,0,1
2,1,1,0,2,0,0,0,0,0,1,14553,800000
2,1,1,0,2,1,-1,-1,0,0,1,-441,3200000
2,1,1,0,2,1,-1,1,0,0,1,441,3200000
2,1,1,0,2,1,0,-1,0,0,1,441,1600000
2,1,1,0,2,1,0,0,0,0,1,5187,400000
2,1,1,0,2,1,0,1,0,0,1,441,1600000
2,1,1,0,2,1,1,-1,0,0,1,-441,3200000
2,1,1,0,2,1,1,1,0,0,1,441,3200000
2,1,1,0,2,2,-2,-2,0,0,1,147,51200000
2,1,1,0,2,2,-2,0,0,0,1,-147,25600000
2,1,1,0,2,2,-2,2,0,0,1,147,51200000
2,1,1,0,2,2,-1,-2,0,0,1,-147,12800000
2,1,1,0,2,2,-1,-1,0,0,1,-399,3200000
2,1,1,0,2,2,-1,1,0,0,1,399,3200000
2,1,1,0,2,2,-1,2,0,0,1,147,12800000
2,1,1,0,2,2,0,-2,0,0,1,441,25600000
2,1,1,0,2,2,0,-1,0,0,1,399,1600000
2,1,1,0,2,2,0,0,0,0,1,63683,12800000
2,1,1,0,2,2,0,1,0,0,1,399,1600000
2,1,1,0,2,2,0,2,0,0,1,441,25600000
2,1,1,0,2,2,1,-2,0,0,1,-147,12800000
2,1,1,0,2,2,1,-1,0,0,1,-399,3200000
2,1,1,0,2,2,1,1,0,0,1,399,3200000
2,1,1,0,2,2,1,2,0,0,1,147,12800000
2,1,1,0,2,2,2,-2,0,0,1,147,51200000
2,1,1,0,2,2,2,0,0,0,1,-147,25600000
2,1,1,0,2,2,2,2,0,0,1,147,51200000
2,1,4,0,-1,-1,-2,-2,0,0,1,-147,25600000
2,1,4,0,-1,-1,-2,0,0,0,1,147,12800000
2,1,4,0,-1,-1,-2,2,0,0,1,-147,25600000
2,1,4,0,-1,-1,-1,-2,0,0,1,-147,12800000
2,1,4,0,-1,-1,-1,-1,0,0,1,-399,3200000
2,1,4,0,-1,-1,-1,1,0,0,1,399,3200000
2,1,4,0,-1,-1,-1,2,0,0,1,147,12800000
2,1,4,0,-1,-1,0,-2,0,0,1,-147,12800000
2,1,4,0,-1,-1,0,0,0,0,1,560441,19200000
2,1,4,0,-1,-1,0,2,0,0,1,-147,12800000
2,1,4,0,-1,-1,1,-2,0,0,1,-147,12800000
2,1,4,0,-1,-1,1,-1,0,0,1,-399,3200000
2,1,4,0,-1,-1,1,1,0,0,1,399,3200000
2,1,4,0,-1,-1,1,2,0,0,1,147,12800000
2,1,4,0,-1,-1,2,-2,0,0,1,-147,25600000
2,1,4,0,-1,-1,2,0,0,0,1,147,12800000
2,1,4,0,-1,-1,2,2,0,0,1,-147,25600000
2,1,4,0,-1,0,-1,-1,0,0,1,-441,3200000
2,1,4,0,-1,0,-1,1,0,0,1,441,3200000
2,1,4,0,-1,0,1,-1,0,0,1,-441,3200000
2,1,4,0,-1,0,1,1,0,0,1,441,3200000
2,1,4,0,1,0,-1,-1,0,0,1,-441,3200000
2,1,4,0,1,0,-1,1,0,0,1,441,3200000
2,1,4,0,1,0,1,-1,0,0,1,-441,3200000
2,1,4,0,1,0,1,1,0,0,1,441,3200000
2,1,4,0,1,1,-2,-2,0,0,1,147,25600000
2,1,4,0,1,1,-2,0,0,0,1,-147,12800000
2,1,4,0,1,1,-2,2,0,0,1,147,25600000
2,1,4,0,1,1,-1,-2,0,0,1,-147,12800000
2,1,4,0,1,1,-1,-1,0,0,1,-399,3200000
2,1,4,0,1,1,-1,1,0,0,1,399,3200000
2,1,4,0,1,1,-1,2,0,0,1,147,12800000
2,1,4,0,1,1,0,-2,0,0,1,147,12800000
2,1,4,0,1,1,0,0,0,0,1,-560441,19200000
2,1,4,0,1,1,0,2,0,0,1,147,12800000
2,1,4,0,1,1,1,-2,0,0,1,-147,12800000
2,1,4,0,1,1,1,-1,0,0,1,-399,3200000
2,1,4,0,1,1,1,1,0,0,1,399,3200000
2,1,4,0,1,1,1,2,0,0,1,147,12800000
2,1,4,0,1,1,2,-2,0,0,1,147,25600000
2,1,4,0,1,1,2,0,0,0,1,-147,12800000
2,1,4,0,1,1,2,2,0,0,1,147,25600000
2,1,5,0,-1,-1,-2,-2,0,0,1,-147,25600000
2,1,5,0,-1,-1,-2,2,0,0,1,147,25600000
2,1,5,0,-1,-1,-1,-2,0,0,1,-147,12800000
2,1,5,0,-1,-1,-1,-1,0,0,1,-399,3200000
2,1,5,0,-1,-1,-1,0,0,0,1,-40147,6400000
2,1,5,0,-1,-1,-1,1,0,0,1,-399,3200000
2,1,5,0,-1,-1,-1,2,0,0,1,-147,12800000
2,1,5,0,-1,-1,1,-2,0,0,1,147,12800000
2,1,5,0,-1,-1,1,-1,0,0,1,399,3200000
2,1,5,0,-1,-1,1,0,0,0,1,40147,6400000
2,1,5,0,-1,-1,1,1,0,0,1,399,3200000
2,1,5,0,-1,-1,1,2,0,0,1,147,12800000
2,1,5,0,-1,-1,2,-2,0,0,1,147,25600000
2,1,5,0,-1,-1,2,2,0,0,1,-147,25600000
2,1,5,0,-1,0,-1,-1,0,0,1,-441,3200000
2,1,5,0,-1,0,-1,1,0,0,1,-441,3200000
2,1,5,0,-1,0,1,-1,0,0,1,441,3200000
2,1,5,0,-1,0,1,1,0,0,1,441,3200000
2,1,5,0,1,0,-1,-1,0,0,1,-441,3200000
2,1,5,0,1,0,-1,1,0,0,1,-441,3200000
2,1,5,0,1,0,1,-1,0,0,1,441,3200000
2,1,5,0,1,0,1,1,0,0,1,441,3200000
2,1,5,0,1,1,-2,-2,0,0,1,147,25600000
2,1,5,0,1,1,-2,2,0,0,1,-147,25600000
2,1,5,0,1,1,-1,-2,0,0,1,-147,12800000
2,1,5,0,1,1,-1,-1,0,0,1,-399,3200000
2,1,5,0,1,1,-1,0,0,0,1,-40147,6400000
2,1,5,0,1,1,-1,1,0,0,1,-399,3200000
2,1,5,0,1,1,-1,2,0,0,1,-147,12800000
2,1,5,0,1,1,1,-2,0,0,1,147,12800000
2,1,5,0,1,1,1,-1,0,0,1,399,3200000
2,1,5,0,1,1,1,0,0,0,1,40147,6400000
2,1,5,0,1,1,1,1,0,0,1,399,3200000
2,1,5,0,1,1,1,2,0,0,1,147,12800000
2,1,5,0,1,1,2,-2,0,0,1,-147,25600000
2,1,5,0,1,1,2,2,0,0,1,147,25600000
2,1,6,0,-1,-1,-1,-1,0,0,1,1,960
2,1,6,0,-1,-1,-1,1,0,0,1,-1,960
2,1,6,0,-1,-1,0,-1,0,0,1,1,480
2,1,6,0,-1,-1,0,1,0,0,1,1,480
2,1,6,0,-1,-1,1,-1,0,0,1,1,960
2,1,6,0,-1,-1,1,1,0,0,1,-1,960
2,1,6,0,1,1,-1,-1,0,0,1,1,960
2,1,6,0,1,1,-1,1,0,0,1,-1,960
2,1,6,0,1,1,0,-1,0,0,1,-1,480
2,1,6,0,1,1,0,1,0,0,1,-1,480
2,1,6,0,1,1,1,-1,0,0,1,1,960
2,1,6,0,1,1,1,1,0,0,1,-1,960
2,2,3,0,0,-1,-1,-1,0,0,1,-441,3200000
2,2,3,0,0,-1,-1,1,0,0,1,441,3200000
2,2,3,0,0,-1,0,-1,0,0,1,-441,1600000
2,2,3,0,0,-1,0,0,0,0,1,-5187,400000
2,2,3,0,0,-1,0,1,0,0,1,-441,1600000
2,2,3,0,0,-1,1,-1,0,0,1,-441,3200000
2,2,3,0,0,-1,1,1,0,0,1,441,3200000
2,2,3,0,0,1,-1,-1,0,0,1,-441,3200000
2,2,3,0,0,1,-1,1,0,0,1,441,3200000
2,2,3,0,0,1,0,-1,0,0,1,441,1600000
2,2,3,0,0,1,0,0,0,0,1,5187,400000
2,2,3,0,0,1,0,1,0,0,1,441,1600000
2,2,3,0,0,1,1,-1,0,0,1,-441,3200000
2,2,3,0,0,1,1,1,0,0,1,441,3200000
2,2,4,0,0,-1,-1,-1,0,0,1,-441,3200000
2,2,4,0,0,-1,-1,1,0,0,1,441,3200000
2,2,4,0,0,-1,1,-1,0,0,1,441,3200000
2,2,4,0,0,-1,1,1,0,0,1,-441,3200000
2,2,4,0,0,0,-2,-2,0,0,1,147,12800000
2,2,4,0,0,0,-2,0,0,0,1,-147,6400000
2,2,4,0,0,0,-2,2,0,0,1,147,12800000
2,2,4,0,0,0,2,-2,0,0,1,-147,12800000
2,2,4,0,0,0,2,0,0,0,1,147,6400000
2,2,4,0,0,0,2,2,0,0,1,-147,12800000
2,2,4,0,0,1,-1,-1,0,0,1,441,3200000
2,2,4,0,0,1,-1,1,0,0,1,-441,3200000
2,2,4,0,0,1,1,-1,0,0,1,-441,3200000
2,2,4,0,0,1,1,1,0,0,1,441,3200000
2,2,5,0,0,-1,-1,-1,0,0,1,-441,3200000
2,2,5,0,0,-1,-1,1,0,0,1,-441,3200000
2,2,5,0,0,-1,0,-1,0,0,1,-441,1600000
2,2,5,0,0,-1,0,1,0,0,1,441,1600000
2,2,5,0,0,-1,1,-1,0,0,1,-441,3200000
2,2,5,0,0,-1,1,1,0,0,1,-441,3200000
2,2,5,0,0,0,-2,-2,0,0,1,147,12800000
2,2,5,0,0,0,-2,2,0,0,1,-147,12800000
2,2,5,0,0,0,0,-2,0,0,1,-147,6400000
2,2,5,0,0,0,0,-1,0,0,1,-399,800000
2,2,5,0,0,0,0,1,0,0,1,399,800000
2,2,5,0,0,0,0,2,0,0,1,147,6400000
2,2,5,0,0,0,2,-2,0,0,1,147,12800000
2,2,5,0,0,0,2,2,0,0,1,-147,12800000
2,2,5,0,0,1,-1,-1,0,0,1,441,3200000
2,2,5,0,0,1,-1,1,0,0,1,441,3200000
2,2,5,0,0,1,0,-1,0,0,1,-441,1600000
2,2,5,0,0,1,0,1,0,0,1,441,1600000
2,2,5,0,0,1,1,-1,0,0,1,441,3200000
2,2,5,0,0,1,1,1,0,0,1,441,3200000
2,3,2,0,0,-1,-1,-1,0,0,1,-441,3200000
2,3,2,0,0,-1,-1,1,0,0,1,441,3200000
2,3,2,0,0,-1,0,-1,0,0,1,-441,1600000
2,3,2,0,0,-1,0,0,0,0,1,-5187,400000
2,3,2,0,0,-1,0,1,0,0,1,-441,1600000
2,3,2,0,0,-1,1,-1,0,0,1,-441,3200000
2,3,2,0,0,-1,1,1,0,0,1,441,3200000
2,3,2,0,0,1,-1,-1,0,0,1,-441,3200000
2,3,2,0,0,1,-1,1,0,0,1,441,3200000
2,3,2,0,0,1,0,-1,0,0,1,441,1600000
2,3,2,0,0,1,0,0,0,0,1,5187,400000
2,3,2,0,0,1,0,1,0,0,1,441,1600000
2,3,2,0,0,1,1,-1,0,0,1,-441,3200000
2,3,2,0,0,1,1,1,0,0,1,441,3200000
2,3,3,0,0,-1,-1,-1,0,0,1,-441,3200000
2,3,3,0,0,-1,-1,1,0,0,1,441,3200000
2,3,3,0,0,-1,0,-1,0,0,1,-441,1600000
2,3,3,0,0,-1,0,0,0,0,1,-5187,400000
2,3,3,0,0,-1,0,1,0,0,1,-441,1600000
2,3,3,0,0,-1,1,-1,0,0,1,-441,3200000
2,3,3,0,0,-1,1,1,0,0,1,441,3200000
2,3,3,0,0,1,-1,-1,0,0,1,-441,3200000
2,3,3,0,0,1,-1,1,0,0,1,441,3200000
2,3,3,0,0,1,0,-1,0,0,1,441,1600000
2,3,3,0,0,1,0,0,0,0,1,5187,400000
2,3,3,0,0,1,0,1,0,0,1,441,1600000
2,3,3,0,0,1,1,-1,0,0,1,-441,3200000
2,3,3,0,0,1,1,1,0,0,1,441,3200000
2,3,4,0,0,-1,-1,-1,0,0,1,-441,3200000
2,3,4,0,0,-1,-1,1,0,0,1,441,3200000
2,3,4,0,0,-1,1,-1,0,0,1,441,3200000
2,3,4,0,0,-1,1,1,0,0,1,-441,3200000
2,3,4,0,0,0,-2,-2,0,0,1,147,12800000
2,3,4,0,0,0,-2,0,0,0,1,-147,6400000
2,3,4,0,0,0,-2,2,0,0,1,147,12800000
2,3,4,0,0,0,2,-2,0,0,1,-147,12800000
2,3,4,0,0,0,2,0,0,0,1,147,6400000
2,3,4,0,0,0,2,2,0,0,1,-147,12800000
2,3,4,0,0,1,-1,-1,0,0,1,441,3200000
2,3,4,0,0,1,-1,1,0,0,1,-441,3200000
2,3,4,0,0,1,1,-1,0,0,1,-441,3200000
2,3,4,0,0,1,1,1,0,0,1,441,3200000
2,3,5,0,0,-1,-1,-1,0,0,1,-441,3200000
2,3,5,0,0,-1,-1,1,0,0,1,-441,3200000
2,3,5,0,0,-1,0,-1,0,0,1,-441,1600000
2,3,5,0,0,-1,0,1,0,0,1,441,1600000
2,3,5,0,0,-1,1,-1,0,0,1,-441,3200000
2,3,5,0,0,-1,1,1,0,0,1,-441,3200000
2,3,5,0,0,0,-2,-2,0,0,1,147,12800000
2,3,5,0,0,0,-2,2,0,0,1,-147,12800000
2,3,5,0,0,0,0,-2,0,0,1,-147,6400000
2,3,5,0,0,0,0,-1,0,0,1,-399,800000
2,3,5,0,0,0,0,1,0,0,1,399,800000
2,3,5,0,0,0,0,2,0,0,1,147,6400000
2,3,5,0,0,0,2,-2,0,0,1,147,12800000
2,3,5,0,0,0,2,2,0,0,1,-147,12800000
2,3,5,0,0,1,-1,-1,0,0,1,441,3200000
2,3,5,0,0,1,-1,1,0,0,1,441,3200000
2,3,5,0,0,1,0,-1,0,0,1,-441,1600000
2,3,5,0,0,1,0,1,0,0,1,441,1600000
2,3,5,0,0,1,1,-1,0,0,1,441,3200000
2,3,5,0,0,1,1,1,0,0,1,441,3200000
2,4,1,0,-1,-1,-2,-2,0,0,1,-147,25600000
2,4,1,0,-1,-1,-2,0,0,0,1,147,12800000
2,4,1,0,-1,-1,-2,2,0,0,1,-147,25600000
2,4,1,0,-1,-1,-1,-2,0,0,1,-147,12800000
2,4,1,0,-1,-1,-1,-1,0,0,1,-399,3200000
2,4,1,0,-1,-1,-1,1,0,0,1,399,3200000
2,4,1,0,-1,-1,-1,2,0,0,1,147,12800000
2,4,1,0,-1,-1,0,-2,0,0,1,-147,12800000
2,4,1,0,-1,-1,0,0,0,0,1,560441,19200000
2,4,1,0,-1,-1,0,2,0,0,1,-147,12800000
2,4,1,0,-1,-1,1,-2,0,0,1,-147,12800000
2,4,1,0,-1,-1,1,-1,0,0,1,-399,3200000
2,4,1,0,-1,-1,1,1,0,0,1,399,3200000
2,4,1,0,-1,-1,1,2,0,0,1,147,12800000
2,4,1,0,-1,-1,2,-2,0,0,1,-147,25600000
2,4,1,0,-1,-1,2,0,0,0,1,147,12800000
2,4,1,0,-1,-1,2,2,0,0,1,-147,25600000
2,4,1,0,-1,0,-1,-1,0,0,1,-441,3200000
2,4,1,0,-1,0,-1,1,0,0,1,441,3200000
2,4,1,0,-1,0,1,-1,0,0,1,-441,3200000
2,4,1,0,-1,0,1,1,0,0,1,441,3200000
2,4,1,0,1,0,-1,-1,0,0,1,-441,3200000
2,4,1,0,1,0,-1,1,0,0,1,441,3200000
2,4,1,0,1,0,1,-1,0,0,1,-441,3200000
2,4,1,0,1,0,1,1,0,0,1,441,3200000
2,4,1,0,1,1,-2,-2,0,0,1,147,25600000
2,4,1,0,1,1,-2,0,0,0,1,-147,12800000
2,4,1,0,1,1,-2,2,0,0,1,147,25600000
2,4,1,0,1,1,-1,-2,0,0,1,-147,12800000
2,4,1,0,1,1,-1,-1,0,0,1,-399,3200000
2,4,1,0,1,1,-1,1,0,0,1,399,3200000
2,4,1,0,1,1,-1,2,0,0,1,147,12800000
2,4,1,0,1,1,0,-2,0,0,1,147,12800000
2,4,1,0,1,1,0,0,0,0,1,-560441,19200000
2,4,1,0,1,1,0,2,0,0,1,147,12800000
2,4,1,0,1,1,1,-2,0,0,1,-147,12800000
2,4,1,0,1,1,1,-1,0,0,1,-399,3200000
2,4,1,0,1,1,1,1,0,0,1,399,3200000
2,4,1,0,1,1,1,2,0,0,1,147,12800000
2,4,1,0,1,1,2,-2,0,0,1,147,25600000
2,4,1,0,1,1,2,0,0,0,1,-147,12800000
2,4,1,0,1,1,2,2,0,0,1,147,25600000
2,4,2,0,0,-1,-1,-1,0,0,1,-441,3200000
2,4,2,0,0,-1,-1,1,0,0,1,441,3200000
2,4,2,0,0,-1,1,-1,0,0,1,441,3200000
2,4,2,0,0,-1,1,1,0,0,1,-441,3200000
2,4,2,0,0,0,-2,-2,0,0,1,147,12800000
2,4,2,0,0,0,-2,0,0,0,1,-147,6400000
2,4,2,0,0,0,-2,2,0,0,1,147,12800000
2,4,2,0,0,0,2,-2,0,0,1,-147,12800000
2,4,2,0,0,0,2,0,0,0,1,147,6400000
2,4,2,0,0,0,2,2,0,0,1,-147,12800000
2,4,2,0,0,1,-1,-1,0,0,1,441,3200000
2,4,2,0,0,1,-1,1,0,0,1,-441,3200000
2,4,2,0,0,1,1,-1,0,0,1,-441,3200000
2,4,2,0,0,1,1,1,0,0,1,441,3200000
2,4,3,0,0,-1,-1,-1,0,0,1,-441,3200000
2,4,3,0,0,-1,-1,1,0,0,1,441,3200000
2,4,3,0,0,-1,1,-1,0,0,1,441,3200000
2,4,3,0,0,-1,1,1,0,0,1,-441,3200000
2,4,3,0,0,0,-2,-2,0,0,1,147,12800000
2,4,3,0,0,0,-2,0,0,0,1,-147,6400000
2,4,3,0,0,0,-2,2,0,0,1,147,12800000
2,4,3,0,0,0,2,-2,0,0,1,-147,12800000
2,4,3,0,0,0,2,0,0,0,1,147,6400000
2,4,3,0,0,0,2,2,0,0,1,-147,12800000
2,4,3,0,0,1,-1,-1,0,0,1,441,3200000
2,4,3,0,0,1,-1,1,0,0,1,-441,3200000
2,4,3,0,0,1,1,-1,0,0,1,-441,3200000
2,4,3,0,0,1,1,1,0,0,1,441,3200000
2,4,4,0,0,-1,-1,-1,0,0,1,-441,3200000
2,4,4,0,0,-1,-1,1,0,0,1,441,3200000
2,4,4,0,0,-1,1,-1,0,0,1,-441,3200000
2,4,4,0,0,-1,1,1,0,0,1,441,3200000
2,4,4,0,0,0,-1,-2,0,0,1,-147,6400000
2,4,4,0,0,0,-1,-1,0,0,1,-399,1600000
2,4,4,0,0,0,-1,1,0,0,1,399,1600000
2,4,4,0,0,0,-1,2,0,0,1,147,6400000
2,4,4,0,0,0,1,-2,0,0,1,-147,6400000
2,4,4,0,0,0,1,-1,0,0,1,-399,1600000
2,4,4,0,0,0,1,1,0,0,1,399,1600000
2,4,4,0,0,0,1,2,0,0,1,147,6400000
2,4,4,0,0,1,-1,-1,0,0,1,-441,3200000
2,4,4,0,0,1,-1,1,0,0,1,441,3200000
2,4,4,0,0,1,1,-1,0,0,1,-441,3200000
2,4,4,0,0,1,1,1,0,0,1,441,3200000
2,4,5,0,0,-1,-1,-1,0,0,1,-441,3200000
2,4,5,0,0,-1,-1,1,0,0,1,-441,3200000
2,4,5,0,0,-1,1,-1,0,0,1,441,3200000
2,4,5,0,0,-1,1,1,0,0,1,441,3200000
2,4,5,0,0,0,-1,-2,0,0,1,-147,6400000
2,4,5,0,0,0,-1,-1,0,0,1,-399,1600000
2,4,5,0,0,0,-1,0,0,0,1,-40147,3200000
2,4,5,0,0,0,-1,1,0,0,1,-399,1600000
2,4,5,0,0,0,-1,2,0,0,1,-147,6400000
2,4,5,0,0,0,1,-2,0,0,1,147,6400000
2,4,5,0,0,0,1,-1,0,0,1,399,1600000
2,4,5,0,0,0,1,0,0,0,1,40147,3200000
2,4,5,0,0,0,1,1,0,0,1,399,1600000
2,4,5,0,0,0,1,2,0,0,1,147,6400000
2,4,5,0,0,1,-1,-1,0,0,1,-441,3200000
2,4,5,0,0,1,-1,1,0,0,1,-441,3200000
2,4,5,0,0,1,1,-1,0,0,1,441,3200000
2,4,5,0,0,1,1,1,0,0,1,441,3200000
2,4,6,0,0,0,-1,-1,0,0,1,1,480
2,4,6,0,0,0,-1,1,0,0,1,-1,480
2,4,6,0,0,0,1,-1,0,0,1,1,480
2,4,6,0,0,0,1,1,0,0,1,-1,480
2,5,1,0,-1,-1,-2,-2,0,0,1,-147,25600000
2,5,1,0,-1,-1,-2,2,0,0,1,147,25600000
2,5,1,0,-1,-1,-1,-2,0,0,1,-147,12800000
2,5,1,0,-1,-1,-1,-1,0,0,1,-399,3200000
2,5,1,0,-1,-1,-1,0,0,0,1,-40147,6400000
2,5,1,0,-1,-1,-1,1,0,0,1,-399,3200000
2,5,1,0,-1,-1,-1,2,0,0,1,-147,12800000
2,5,1,0,-1,-1,1,-2,0,0,1,147,12800000
2,5,1,0,-1,-1,1,-1,0,0,1,399,3200000
2,5,1,0,-1,-1,1,0,0,0,1,40147,6400000
2,5,1,0,-1,-1,1,1,0,0,1,399,3200000
2,5,1,0,-1,-1,1,2,0,0,1,147,12800000
2,5,1,0,-1,-1,2,-2,0,0,1,147,25600000
2,5,1,0,-1,-1,2,2,0,0,1,-147,25600000
2,5,1,0,-1,0,-1,-1,0,0,1,-441,3200000
2,5,1,0,-1,0,-1,1,0,0,1,-441,3200000
2,5,1,0,-1,0,1,-1,0,0,1,441,3200000
2,5,1,0,-1,0,1,1,0,0,1,441,3200000
2,5,1,0,1,0,-1,-1,0,0,1,-441,3200000
2,5,1,0,1,0,-1,1,0,0,1,-441,3200000
2,5,1,0,1,0,1,-1,0,0,1,441,3200000
2,5,1,0,1,0,1,1,0,0,1,441,3200000
2,5,1,0,1,1,-2,-2,0,0,1,147,25600000
2,5,1,0,1,1,-2,2,0,0,1,-147,25600000
2,5,1,0,1,1,-1,-2,0,0,1,-147,12800000
2,5,1,0,1,1,-1,-1,0,0,1,-399,3200000
2,5,1,0,1,1,-1,0,0,0,1,-40147,6400000
2,5,1,0,1,1,-1,1,0,0,1,-399,3200000
2,5,1,0,1,1,-1,2,0,0,1,-147,12800000
2,5,1,0,1,1,1,-2,0,0,1,147,12800000
2,5,1,0,1,1,1,-1,0,0,1,399,3200000
2,5,1,0,1,1,1,0,0,0,1,40147,6400000
2,5,1,0,1,1,1,1,0,0,1,399,3200000
2,5,1,0,1,1,1,2,0,0,1,147,12800000
2,5,1,0,1,1,2,-2,0,0,1,-147,25600000
2,5,1,0,1,1,2,2,0,0,1,147,25600000
2,5,2,0,0,-1,-1,-1,0,0,1,-441,3200000
2,5,2,0,0,-1,-1,1,0,0,1,-441,3200000
2,5,2,0,0,-1,0,-1,0,0,1,-441,1600000
2,5,2,0,0,-1,0,1,0,0,1,441,1600000
2,5,2,0,0,-1,1,-1,0,0,1,-441,3200000
2,5,2,0,0,-1,1,1,0,0,1,-441,3200000
2,5,2,0,0,0,-2,-2,0,0,1,147,12800000
2,5,2,0,0,0,-2,2,0,0,1,-147,12800000
2,5,2,0,0,0,0,-2,0,0,1,-147,6400000
2,5,2,0,0,0,0,-1,0,0,1,-399,800000
2,5,2,0,0,0,0,1,0,0,1,399,800000
2,5,2,0,0,0,0,2,0,0,1,147,6400000
2,5,2,0,0,0,2,-2,0,0,1,147,12800000
2,5,2,0,0,0,2,2,0,0,1,-147,12800000
2,5,2,0,0,1,-1,-1,0,0,1,441,3200000
2,5,2,0,0,1,-1,1,0,0,1,441,3200000
2,5,2,0,0,1,0,-1,0,0,1,-441,1600000
2,5,2,0,0,1,0,1,0,0,1,441,1600000
2,5,2,0,0,1,1,-1,0,0,1,441,3200000
2,5,2,0,0,1,1,1,0,0,1,441,3200000
2,5,3,0,0,-1,-1,-1,0,0,1,-441,3200000
2,5,3,0,0,-1,-1,1,0,0,1,-441,3200000
2,5,3,0,0,-1,0,-1,0,0,1,-441,1600000
2,5,3,0,0,-1,0,1,0,0,1,441,1600000
2,5,3,0,0,-1,1,-1,0,0,1,-441,3200000
2,5,3,0,0,-1,1,1,0,0,1,-441,3200000
2,5,3,0,0,0,-2,-2,0,0,1,147,12800000
2,5,3,0,0,0,-2,2,0,0,1,-147,12800000
2,5,3,0,0,0,0,-2,0,0,1,-147,6400000
2,5,3,0,0,0,0,-1,0,0,1,-399,800000
2,5,3,0,0,0,0,1,0,0,1,399,800000
2,5,3,0,0,0,0,2,0,0,1,147,6400000
2,5,3,0,0,0,2,-2,0,0,1,147,12800000
2,5,3,0,0,0,2,2,0,0,1,-147,12800000
2,5,3,0,0,1,-1,-1,0,0,1,441,3200000
2,5,3,0,0,1,-1,1,0,0,1,441,3200000
2,5,3,0,0,1,0,-1,0,0,1,-441,1600000
2,5,3,0,0,1,0,1,0,0,1,441,1600000
2,5,3,0,0,1,1,-1,0,0,1,441,3200000
2,5,3,0,0,1,1,1,0,0,1,441,3200000
2,5,4,0,0,-1,-1,-1,0,0,1,-441,3200000
2,5,4,0,0,-1,-1,1,0,0,1,-441,3200000
2,5,4,0,0,-1,1,-1,0,0,1,441,3200000
2,5,4,0,0,-1,1,1,0,0,1,441,3200000
2,5,4,0,0,0,-1,-2,0,0,1,-147,6400000
2,5,4,0,0,0,-1,-1,0,0,1,-399,1600000
2,5,4,0,0,0,-1,0,0,0,1,-40147,3200000
2,5,4,0,0,0,-1,1,0,0,1,-399,1600000
2,5,4,0,0,0,-1,2,0,0,1,-147,6400000
2,5,4,0,0,0,1,-2,0,0,1,147,6400000
2,5,4,0,0,0,1,-1,0,0,1,399,1600000
2,5,4,0,0,0,1,0,0,0,1,40147,3200000
2,5,4,0,0,0,1,1,0,0,1,399,1600000
2,5,4,0,0,0,1,2,0,0,1,147,6400000
2,5,4,0,0,1,-1,-1,0,0,1,-441,3200000
2,5,4,0,0,1,-1,1,0,0,1,-441,3200000
2,5,4,0,0,1,1,-1,0,0,1,441,3200000
2,5,4,0,0,1,1,1,0,0,1,441,3200000
2,5,5,0,0,-1,-1,-1,0,0,1,-441,3200000
2,5,5,0,0,-1,-1,1,0,0,1,441,3200000
2,5,5,0,0,-1,0,-1,0,0,1,-441,1600000
2,5,5,0,0,-1,0,1,0,0,1,-441,1600000
2,5,5,0,0,-1,1,-1,0,0,1,-441,3200000
2,5,5,0,0,-1,1,1,0,0,1,441,3200000
2,5,5,0,0,0,-1,-1,0,0,1,-399,1600000
2,5,5,0,0,0,-1,1,0,0,1,399,1600000
2,5,5,0,0,0,1,-1,0,0,1,-399,1600000
2,5,5,0,0,0,1,1,0,0,1,399,1600000
2,5,5,0,0,1,-1,-1,0,0,1,-441,3200000
2,5,5,0,0,1,-1,1,0,0,1,441,3200000
2,5,5,0,0,1,0,-1,0,0,1,441,1600000
2,5,5,0,0,1,0,1,0,0,1,441,1600000
2,5,5,0,0,1,1,-1,0,0,1,-441,3200000
2,5,5,0,0,1,1,1,0,0,1,441,3200000
2,5,6,0,0,0,-1,-1,0,0,1,1,480
2,5,6,0,0,0,-1,1,0,0,1,1,480
2,5,6,0,0,0,1,-1,0,0,1,-1,480
2,5,6,0,0,0,1,1,0,0,1,-1,480
2,6,1,0,-1,-1,-1,-1,0,0,1,1,960
2,6,1,0,-1,-1,-1,1,0,0,1,-1,960
2,6,1,0,-1,-1,0,-1,0,0,1,1,480
2,6,1,0,-1,-1,0,1,0,0,1,1,480
2,6,1,0,-1,-1,1,-1,0,0,1,1,960
2,6,1,0,-1,-1,1,1,0,0,1,-1,960
2,6,1,0,1,1,-1,-1,0,0,1,1,960
2,6,1,0,1,1,-1,1,0,0,1,-1,960
2,6,1,0,1,1,0,-1,0,0,1,-1,480
2,6,1,0,1,1,0,1,0,0,1,-1,480
2,6,1,0,1,1,1,-1,0,0,1,1,960
2,6,1,0,1,1,1,1,0,0,1,-1,960
2,6,4,0,0,0,-1,-1,0,0,1,1,480
2,6,4,0,0,0,-1,1,0,0,1,-1,480
2,6,4,0,0,0,1,-1,0,0,1,1,480
2,6,4,0,0,0,1,1,0,0,1,-1,480
2,6,5,0,0,0,-1,-1,0,0,1,1,480
2,6,5,0,0,0,-1,1,0,0,1,1,480
2,6,5,0,0,0,1,-1,0,0,1,-1,480
2,6,5,0,0,0,1,1,0,0,1,-1,480
3,1,1,0,-2,-2,-2,-2,0,0,1,-147,51200000
3,1,1,0,-2,-2,-2,0,0,0,1,147,25600000
3,1,1,0,-2,-2,-2,2,0,0,1,-147,51200000
3,1,1,0,-2,-2,-1,-2,0,0,1,-147,12800000
3,1,1,0,-2,-2,-1,-1,0,0,1,-399,3200000
3,1,1,0,-2,-2,-1,1,0,0,1,399,3200000
3,1,1,0,-2,-2,-1,2,0,0,1,147,12800000
3,1,1,0,-2,-2,0,-2,0,0,1,-441,25600000
3,1,1,0,-2,-2,0,-1,0,0,1,-399,1600000
3,1,1,0,-2,-2,0,0,0,0,1,-63683,12800000
3,1,1,0,-2,-2,0,1,0,0,1,-399,1600000
3,1,1,0,-2,-2,0,2,0,0,1,-441,25600000
3,1,1,0,-2,-2,1,-2,0,0,1,-147,12800000
3,1,1,0,-2,-2,1,-1,0,0,1,-399,3200000
3,1,1,0,-2,-2,1,1,0,0,1,399,3200000
3,1,1,0,-2,-2,1,2,0,0,1,147,12800000
3,1,1,0,-2,-2,2,-2,0,0,1,-147,51200000
3,1,1,0,-2,-2,2,0,0,0,1,147,25600000
3,1,1,0,-2,-2,2,2,0,0,1,-147,51200000
3,1,1,0,-2,-1,-1,-1,0,0,1,-441,6400000
3,1,1,0,-2,-1,-1,1,0,0,1,441,6400000
3,1,1,0,-2,-1,0,-1,0,0,1,-441,3200000
3,1,1,0,-2,-1,0,0,0,0,1,-5187,800000
3,1,1,0,-2,-1,0,1,0,0,1,-441,3200000
3,1,1,0,-2,-1,1,-1,0,0,1,-441,6400000
3,1,1,0,-2,-1,1,1,0,0,1,441,6400000
3,1,1,0,-1,-1,-1,-1,0,-21,400000,0,1
3,1,1,0,-1,-1,-1,1,0,21,400000,0,1
3,1,1,0,-1,-1,0,-1,0,-21,200000,0,1
3,1,1,0,-1,-1,0,0,0,-247,50000,0,1
3,1,1,0,-1,-1,0,1,0,-21,200000,0,1
3,1,1,0,-1,-1,1,-1,0,-21,400000,0,1
3,1,1,0,-1,-1,1,1,0,21,400000,0,1
3,1,1,0,0,-1,-1,-1,0,0,1,441,6400000
3,1,1,0,0,-1,-1,1,0,0,1,-441,6400000
3,1,1,0,0,-1,0,-1,0,0,1,441,3200000
3,1,1,0,0,-1,0,0,0,0,1,5187,800000
3,1,1,0,0,-1,0,1,0,0,1,441,3200000
3,1,1,0,0,-1,1,-1,0,0,1,441,6400000
3,1,1,0,0,-1,1,1,0,0,1,-441,6400000
3,1,1,0,0,1,-1,-1,0,0,1,441,6400000
3,1,1,0,0,1,-1,1,0,0,1,-441,6400000
3,1,1,0,0,1,0,-1,0,0,1,-441,3200000
3,1,1,0,0,1,0,0,0,0,1,-5187,800000
3,1,1,0,0,1,0,1,0,0,1,-441,3200000
3,1,1,0,0,1,1,-1,0,0,1,441,6400000
3,1,1,0,0,1,1,1,0,0,1,-441,6400000
3,1,1,0,1,1,-1,-1,0,21,400000,0,1
3,1,1,0,1,1,-1,1,0,-21,400000,0,1
3,1,1,0,1,1,0,-1,0,-21,200000,0,1
3,1,1,0,1,1,0,0,0,-247,50000,0,1
3,1,1,0,1,1,0,1,0,-21,200000,0,1
3,1,1,0,1,1,1,-1,0,21,400000,0,1
3,1,1,0,1,1,1,1,0,-21,400000,0,1
3,1,1,0,2,1,-1,-1,0,0,1,-441,6400000
3,1,1,0,2,1,-1,1,0,0,1,441,6400000
3,1,1,0,2,1,0,-1,0,0,1,441,3200000
3,1,1,0,2,1,0,0,0,0,1,5187,800000
3,1,1,0,2,1,0,1,0,0,1,441,3200000
3,1,1,0,2,1,1,-1,0,0,1,-441,6400000
3,1,1,0,2,1,1,1,0,0,1,441,6400000
3,1,1,0,2,2,-2,-2,0,0,1,147,51200000
3,1,1,0,2,2,-2,0,0,0,1,-147,25600000
3,1,1,0,2,2,-2,2,0,0,1,147,51200000
3,1,1,0,2,2,-1,-2,0,0,1,-147,12800000
3,1,1,0,2,2,-1,-1,0,0,1,-399,3200000
3,1,1,0,2,2,-1,1,0,0,1,399,3200000
3,1,1,0,2,2,-1,2,0,0,1,147,12800000
3,1,1,0,2,2,0,-2,0,0,1,441,25600000
3,1,1,0,2,2,0,-1,0,0,1,399,1600000
3,1,1,0,2,2,0,0,0,0,1,63683,12800000
3,1,1,0,2,2,0,1,0,0,1,399,1600000
3,1,1,0,2,2,0,2,0,0,1,441,25600000
3,1,1,0,2,2,1,-2,0,0,1,-147,12800000
3,1,1,0,2,2,1,-1,0,0,1,-399,3200000
3,1,1,0,2,2,1,1,0,0,1,399,3200000
3,1,1,0,2,2,1,2,0,0,1,147,12800000
3,1,1,0,2,2,2,-2,0,0,1,147,51200000
3,1,1,0,2,2,2,0,0,0,1,-147,25600000
3,1,1,0,2,2,2,2,0,0,1,147,51200000
3,1,4,0,-1,-1,-2,-2,0,0,1,-147,25600000
3,1,4,0,-1,-1,-2,0,0,0,1,147,12800000
3,1,4,0,-1,-1,-2,2,0,0,1,-147,25600000
3,1,4,0,-1,-1,-1,-2,0,0,1,-147,12800000
3,1,4,0,-1,-1,-1,-1,0,0,1,-399,3200000
3,1,4,0,-1,-1,-1,1,0,0,1,399,3200000
3,1,4,0,-1,-1,-1,2,0,0,1,147,12800000
3,1,4,0,-1,-1,0,-2,0,0,1,-147,12800000
3,1,4,0,-1,-1,0,0,0,0,1,560441,19200000
3,1,4,0,-1,-1,0,2,0,0,1,-147,12800000
3,1,4,0,-1,-1,1,-2,0,0,1,-147,12800000
3,1,4,0,-1,-1,1,-1,0,0,1,-399,3200000
3,1,4,0,-1,-1,1,1,0,0,1,399,3200000
3,1,4,0,-1,-1,1,2,0,0,1,147,12800000
3,1,4,0,-1,-1,2,-2,0,0,1,-147,25600000
3,1,4,0,-1,-1,2,0,0,0,1,147,12800000
3,1,4,0,-1,-1,2,2,0,0,1,-147,25600000
3,1,4,0,1,1,-2,-2,0,0,1,147,25600000
3,1,4,0,1,1,-2,0,0,0,1,-147,12800000
3,1,4,0,1,1,-2,2,0,0,1,147,25600000
3,1,4,0,1,1,-1,-2,0,0,1,-147,12800000
3,1,4,0,1,1,-1,-1,0,0,1,-399,3200000
3,1,4,0,1,1,-1,1,0,0,1,399,3200000
3,1,4,0,1,1,-1,2,0,0,1,147,12800000
3,1,4,0,1,1,0,-2,0,0,1,147,12800000
3,1,4,0,1,1,0,0,0,0,1,-560441,19200000
3,1,4,0,1,1,0,2,0,0,1,147,12800000
3,1,4,0,1,1,1,-2,0,0,1,-147,12800000
3,1,4,0,1,1,1,-1,0,0,1,-399,3200000
3,1,4,0,1,1,1,1,0,0,1,399,3200000
3,1,4,0,1,1,1,2,0,0,1,147,12800000
3,1,4,0,1,1,2,-2,0,0,1,147,25600000
3,1,4,0,1,1,2,0,0,0,1,-147,12800000
3,1,4,0,1,1,2,2,0,0,1,147,25600000
3,1,5,0,-1,-1,-2,-2,0,0,1,-147,25600000
3,1,5,0,-1,-1,-2,2,0,0,1,147,25600000
3,1,5,0,-1,-1,-1,-2,0,0,1,-147,12800000
3,1,5,0,-1,-1,-1,-1,0,0,1,-399,3200000
3,1,5,0,-1,-1,-1,0,0,0,1,-40147,6400000
3,1,5,0,-1,-1,-1,1,0,0,1,-399,3200000
3,1,5,0,-1,-1,-1,2,0,0,1,-147,12800000
3,1,5,0,-1,-1,1,-2,0,0,1,147,12800000
3,1,5,0,-1,-1,1,-1,0,0,1,399,3200000
3,1,5,0,-1,-1,1,0,0,0,1,40147,6400000
3,1,5,0,-1,-1,1,1,0,0,1,399,3200000
3,1,5,0,-1,-1,1,2,0,0,1,147,12800000
3,1,5,0,-1,-1,2,-2,0,0,1,147,25600000
3,1,5,0,-1,-1,2,2,0,0,1,-147,25600000
3,1,5,0,1,1,-2,-2,0,0,1,147,25600000
3,1,5,0,1,1,-2,2,0,0,1,-147,25600000
3,1,5,0,1,1,-1,-2,0,0,1,-147,12800000
3,1,5,0,1,1,-1,-1,0,0,1,-399,3200000
3,1,5,0,1,1,-1,0,0,0,1,-40147,6400000
3,1,5,0,1,1,-1,1,0,0,1,-399,3200000
3,1,5,0,1,1,-1,2,0,0,1,-147,12800000
3,1,5,0,1,1,1,-2,0,0,1,147,12800000
3,1,5,0,1,1,1,-1,0,0,1,399,3200000
3,1,5,0,1,1,1,0,0,0,1,40147,6400000
3,1,5,0,1,1,1,1,0,0,1,399,3200000
3,1,5,0,1,1,1,2,0,0,1,147,12800000
3,1,5,0,1,1,2,-2,0,0,1,-147,25600000
3,1,5,0,1,1,2,2,0,0,1,147,25600000
3,1,6,0,-1,-1,-1,-1,0,0,1,1,960
3,1,6,0,-1,-1,-1,1,0,0,1,-1,960
3,1,6,0,-1,-1,0,-1,0,0,1,1,480
3,1,6,0,-1,-1,0,1,0,0,1,1,480
3,1,6,0,-1,-1,1,-1,0,0,1,1,960
3,1,6,0,-1,-1,1,1,0,0,1,-1,960
3,1,6,0,1,1,-1,-1,0,0,1,1,960
3,1,6,0,1,1,-1,1,0,0,1,-1,960
3,1,6,0,1,1,0,-1,0,0,1,-1,480
3,1,6,0,1,1,0,1,0,0,1,-1,480
3,1,6,0,1,1,1,-1,0,0,1,1,960
3,1,6,0,1,1,1,1,0,0,1,-1,960
3,2,2,0,0,-1,-1,-1,0,0,1,441,3200000
3,2,2,0,0,-1,-1,1,0,0,1,-441,3200000
3,2,2,0,0,-1,0,-1,0,0,1,441,1600000
3,2,2,0,0,-1,0,0,0,0,1,5187,400000
3,2,2,0,0,-1,0,1,0,0,1,441,1600000
3,2,2,0,0,-1,1,-1,0,0,1,441,3200000
3,2,2,0,0,-1,1,1,0,0,1,-441,3200000
3,2,2,0,0,1,-1,-1,0,0,1,441,3200000
3,2,2,0,0,1,-1,1,0,0,1,-441,3200000
3,2,2,0,0,1,0,-1,0,0,1,-441,1600000
3,2,2,0,0,1,0,0,0,0,1,-5187,400000
3,2,2,0,0,1,0,1,0,0,1,-441,1600000
3,2,2,0,0,1,1,-1,0,0,1,441,3200000
3,2,2,0,0,1,1,1,0,0,1,-441,3200000
3,2,4,0,0,0,-2,-2,0,0,1,147,12800000
3,2,4,0,0,0,-2,0,0,0,1,-147,6400000
3,2,4,0,0,0,-2,2,0,0,1,147,12800000
3,2,4,0,0,0,2,-2,0,0,1,-147,12800000
3,2,4,0,0,0,2,0,0,0,1,147,6400000
3,2,4,0,0,0,2,2,0,0,1,-147,12800000
3,2,5,0,0,0,-2,-2,0,0,1,147,12800000
3,2,5,0,0,0,-2,2,0,0,1,-147,12800000
3,2,5,0,0,0,0,-2,0,0,1,-147,6400000
3,2,5,0,0,0,0,-1,0,0,1,-399,800000
3,2,5,0,0,0,0,1,0,0,1,399,800000
3,2,5,0,0,0,0,2,0,0,1,147,6400000
3,2,5,0,0,0,2,-2,0,0,1,147,12800000
3,2,5,0,0,0,2,2,0,0,1,-147,12800000
3,3,4,0,0,0,-2,-2,0,0,1,147,12800000
3,3,4,0,0,0,-2,0,0,0,1,-147,6400000
3,3,4,0,0,0,-2,2,0,0,1,147,12800000
3,3,4,0,0,0,2,-2,0,0,1,-147,12800000
3,3,4,0,0,0,2,0,0,0,1,147,6400000
3,3,4,0,0,0,2,2,0,0,1,-147,12800000
3,3,5,0,0,0,-2,-2,0,0,1,147,12800000
3,3,5,0,0,0,-2,2,0,0,1,-147,12800000
3,3,5,0,0,0,0,-2,0,0,1,-147,6400000
3,3,5,0,0,0,0,-1,0,0,1,-399,800000
3,3,5,0,0,0,0,1,0,0,1,399,800000
3,3,5,0,0,0,0,2,0,0,1,147,6400000
3,3,5,0,0,0,2,-2,0,0,1,147,12800000
3,3,5,0,0,0,2,2,0,0,1,-147,12800000
3,4,1,0,-1,-1,-2,-2,0,0,1,-147,25600000
3,4,1,0,-1,-1,-2,0,0,0,1,147,12800000
3,4,1,0,-1,-1,-2,2,0,0,1,-147,25600000
3,4,1,0,-1,-1,-1,-2,0,0,1,-147,12800000
3,4,1,0,-1,-1,-1,-1,0,0,1,-399,3200000
3,4,1,0,-1,-1,-1,1,0,0,1,399,3200000
3,4,1,0,-1,-1,-1,2,0,0,1,147,12800000
3,4,1,0,-1,-1,0,-2,0,0,1,-147,12800000
3,4,1,0,-1,-1,0,0,0,0,1,560441,19200000
3,4,1,0,-1,-1,0,2,0,0,1,-147,12800000
3,4,1,0,-1,-1,1,-2,0,0,1,-147,12800000
3,4,1,0,-1,-1,1,-1,0,0,1,-399,3200000
3,4,1,0,-1,-1,1,1,0,0,1,399,3200000
3,4,1,0,-1,-1,1,2,0,0,1,147,12800000
3,4,1,0,-1,-1,2,-2,0,0,1,-147,25600000
3,4,1,0,-1,-1,2,0,0,0,1,147,12800000
3,4,1,0,-1,-1,2,2,0,0,1,-147,25600000
3,4,1,0,1,1,-2,-2,0,0,1,147,25600000
3,4,1,0,1,1,-2,0,0,0,1,-147,12800000
3,4,1,0,1,1,-2,2,0,0,1,147,25600000
3,4,1,0,1,1,-1,-2,0,0,1,-147,12800000
3,4,1,0,1,1,-1,-1,0,0,1,-399,3200000
3,4,1,0,1,1,-1,1,0,0,1,399,3200000
3,4,1,0,1,1,-1,2,0,0,1,147,12800000
3,4,1,0,1,1,0,-2,0,0,1,147,12800000
3,4,1,0,1,1,0,0,0,0,1,-560441,19200000
3,4,1,0,1,1,0,2,0,0,1,147,12800000
3,4,1,0,1,1,1,-2,0,0,1,-147,12800000
3,4,1,0,1,1,1,-1,0,0,1,-399,3200000
3,4,1,0,1,1,1,1,0,0,1,399,3200000
3,4,1,0,1,1,1,2,0,0,1,147,12800000
3,4,1,0,1,1,2,-2,0,0,1,147,25600000
3,4,1,0,1,1,2,0,0,0,1,-147,12800000
3,4,1,0,1,1,2,2,0,0,1,147,25600000
3,4,2,0,0,0,-2,-2,0,0,1,147,12800000
3,4,2,0,0,0,-2,0,0,0,1,-147,6400000
3,4,2,0,0,0,-2,2,0,0,1,147,12800000
3,4,2,0,0,0,2,-2,0,0,1,-147,12800000
3,4,2,0,0,0,2,0,0,0,1,147,6400000
3,4,2,0,0,0,2,2,0,0,1,-147,12800000
3,4,3,0,0,0,-2,-2,0,0,1,147,12800000
3,4,3,0,0,0,-2,0,0,0,1,-147,6400000
3,4,3,0,0,0,-2,2,0,0,1,147,12800000
3,4,3,0,0,0,2,-2,0,0,1,-147,12800000
3,4,3,0,0,0,2,0,0,0,1,147,6400000
3,4,3,0,0,0,2,2,0,0,1,-147,12800000
3,4,4,0,0,0,-1,-2,0,0,1,-147,6400000
3,4,4,0,0,0,-1,-1,0,0,1,-399,1600000
3,4,4,0,0,0,-1,1,0,0,1,399,1600000
3,4,4,0,0,0,-1,2,0,0,1,147,6400000
3,4,4,0,0,0,1,-2,0,0,1,-147,6400000
3,4,4,0,0,0,1,-1,0,0,1,-399,1600000
3,4,4,0,0,0,1,1,0,0,1,399,1600000
3,4,4,0,0,0,1,2,0,0,1,147,6400000
3,4,5,0,0,0,-1,-2,0,0,1,-147,6400000
3,4,5,0,0,0,-1,-1,0,0,1,-399,1600000
3,4,5,0,0,0,-1,0,0,0,1,-40147,3200000
3,4,5,0,0,0,-1,1,0,0,1,-399,1600000
3,4,5,0,0,0,-1,2,0,0,1,-147,6400000
3,4,5,0,0,0,1,-2,0,0,1,147,6400000
3,4,5,0,0,0,1,-1,0,0,1,399,1600000
3,4,5,0,0,0,1,0,0,0,1,40147,3200000
3,4,5,0,0,0,1,1,0,0,1,399,1600000
3,4,5,0,0,0,1,2,0,0,1,147,6400000
3,4,6,0,0,0,-1,-1,0,0,1,1,480
3,4,6,0,0,0,-1,1,0,0,1,-1,480
3,4,6,0,0,0,1,-1,0,0,1,1,480
3,4,6,0,0,0,1,1,0,0,1,-1,480
3,5,1,0,-1,-1,-2,-2,0,0,1,-147,25600000
3,5,1,0,-1,-1,-2,2,0,0,1,147,25600000
3,5,1,0,-1,-1,-1,-2,0,0,1,-147,12800000
3,5,1,0,-1,-1,-1,-1,0,0,1,-399,3200000
3,5,1,0,-1,-1,-1,0,0,0,1,-40147,6400000
3,5,1,0,-1,-1,-1,1,0,0,1,-399,3200000
3,5,1,0,-1,-1,-1,2,0,0,1,-147,12800000
3,5,1,0,-1,-1,1,-2,0,0,1,147,12800000
3,5,1,0,-1,-1,1,-1,0,0,1,399,3200000
3,5,1,0,-1,-1,1,0,0,0,1,40147,6400000
3,5,1,0,-1,-1,1,1,0,0,1,399,3200000
3,5,1,0,-1,-1,1,2,0,0,1,147,12800000
3,5,1,0,-1,-1,2,-2,0,0,1,147,25600000
3,5,1,0,-1,-1,2,2,0,0,1,-147,25600000
3,5,1,0,1,1,-2,-2,0,0,1,147,25600000
3,5,1,0,1,1,-2,2,0,0,1,-147,25600000
3,5,1,0,1,1,-1,-2,0,0,1,-147,12800000
3,5,1,0,1,1,-1,-1,0,0,1,-399,3200000
3,5,1,0,1,1,-1,0,0,0,1,-40147,6400000
3,5,1,0,1,1,-1,1,0,0,1,-399,3200000
3,5,1,0,1,1,-1,2,0,0,1,-147,12800000
3,5,1,0,1,1,1,-2,0,0,1,147,12800000
3,5,1,0,1,1,1,-1,0,0,1,399,3200000
3,5,1,0,1,1,1,0,0,0,1,40147,6400000
3,5,1,0,1,1,1,1,0,0,1,399,3200000
3,5,1,0,1,1,1,2,0,0,1,147,12800000
3,5,1,0,1,1,2,-2,0,0,1,-147,25600000
3,5,1,0,1,1,2,2,0,0,1,147,25600000
3,5,2,0,0,0,-2,-2,0,0,1,147,12800000
3,5,2,0,0,0,-2,2,0,0,1,-147,12800000
3,5,2,0,0,0,0,-2,0,0,1,-147,6400000
3,5,2,0,0,0,0,-1,0,0,1,-399,800000
3,5,2,0,0,0,0,1,0,0,1,399,800000
3,5,2,0,0,0,0,2,0,0,1,147,6400000
3,5,2,0,0,0,2,-2,0,0,1,147,12800000
3,5,2,0,0,0,2,2,0,0,1,-147,12800000
3,5,3,0,0,0,-2,-2,0,0,1,147,12800000
3,5,3,0,0,0,-2,2,0,0,1,-147,12800000
3,5,3,0,0,0,0,-2,0,0,1,-147,6400000
3,5,3,0,0,0,0,-1,0,0,1,-399,800000
3,5,3,0,0,0,0,1,0,0,1,399,800000
3,5,3,0,0,0,0,2,0,0,1,147,6400000
3,5,3,0,0,0,2,-2,0,0,1,147,12800000
3,5,3,0,0,0,2,2,0,0,1,-147,12800000
3,5,4,0,0,0,-1,-2,0,0,1,-147,6400000
3,5,4,0,0,0,-1,-1,0,0,1,-399,1600000
3,5,4,0,0,0,-1,0,0,0,1,-40147,3200000
3,5,4,0,0,0,-1,1,0,0,1,-399,1600000
3,5,4,0,0,0,-1,2,0,0,1,-147,6400000
3,5,4,0,0,0,1,-2,0,0,1,147,6400000
3,5,4,0,0,0,1,-1,0,0,1,399,1600000
3,5,4,0,0,0,1,0,0,0,1,40147,3200000
3,5,4,0,0,0,1,1,0,0,1,399,1600000
3,5,4,0,0,0,1,2,0,0,1,147,6400000
3,5,5,0,0,0,-1,-1,0,0,1,-399,1600000
3,5,5,0,0,0,-1,1,0,0,1,399,1600000
3,5,5,0,0,0,1,-1,0,0,1,-399,1600000
3,5,5,0,0,0,1,1,0,0,1,399,1600000
3,5,6,0,0,0,-1,-1,0,0,1,1,480
3,5,6,0,0,0,-1,1,0,0,1,1,480
3,5,6,0,0,0,1,-1,0,0,1,-1,480
3,5,6,0,0,0,1,1,0,0,1,-1,480
3,6,1,0,-1,-1,-1,-1,0,0,1,1,960
3,6,1,0,-1,-1,-1,1,0,0,1,-1,960
3,6,1,0,-1,-1,0,-1,0,0,1,1,480
3,6,1,0,-1,-1,0,1,0,0,1,1,480
3,6,1,0,-1,-1,1,-1,0,0,1,1,960
3,6,1,0,-1,-1,1,1,0,0,1,-1,960
3,6,1,0,1,1,-1,-1,0,0,1,1,960
3,6,1,0,1,1,-1,1,0,0,1,-1,960
3,6,1,0,1,1,0,-1,0,0,1,-1,480
3,6,1,0,1,1,0,1,0,0,1,-1,480
3,6,1,0,1,1,1,-1,0,0,1,1,960
3,6,1,0,1,1,1,1,0,0,1,-1,960
3,6,4,0,0,0,-1,-1,0,0,1,1,480
3,6,4,0,0,0,-1,1,0,0,1,-1,480
3,6,4,0,0,0,1,-1,0,0,1,1,480
3,6,4,0,0,0,1,1,0,0,1,-1,480
3,6,5,0,0,0,-1,-1,0,0,1,1,480
3,6,5,0,0,0,-1,1,0,0,1,1,480
3,6,5,0,0,0,1,-1,0,0,1,-1,480
3,6,5,0,0,0,1,1,0,0,1,-1,480
4,1,1,0,-2,-2,-2,-2,0,0,1,-147,51200000
4,1,1,0,-2,-2,-2,0,0,0,1,147,25600000
4,1,1,0,-2,-2,-2,2,0,0,1,-147,51200000
4,1,1,0,-2,-2,-1,-2,0,0,1,-147,25600000
4,1,1,0,-2,-2,-1,-1,0,0,1,-399,6400000
4,1,1,0,-2,-2,-1,1,0,0,1,399,6400000
4,1,1,0,-2,-2,-1,2,0,0,1,147,25600000
4,1,1,0,-2,-2,1,-2,0,0,1,147,25600000
4,1,1,0,-2,-2,1,-1,0,0,1,399,6400000
4,1,1,0,-2,-2,1,1,0,0,1,-399,6400000
4,1,1,0,-2,-2,1,2,0,0,1,-147,25600000
4,1,1,0,-2,-2,2,-2,0,0,1,147,51200000
4,1,1,0,-2,-2,2,0,0,0,1,-147,25600000
4,1,1,0,-2,-2,2,2,0,0,1,147,51200000
4,1,1,0,-2,-1,-1,-1,0,0,1,-441,6400000
4,1,1,0,-2,-1,-1,1,0,0,1,441,6400000
4,1,1,0,-2,-1,1,-1,0,0,1,441,6400000
4,1,1,0,-2,-1,1,1,0,0,1,-441,6400000
4,1,1,0,-1,-1,-1,-1,0,-21,400000,0,1
4,1,1,0,-1,-1,-1,1,0,21,400000,0,1
4,1,1,0,-1,-1,1,-1,0,21,400000,0,1
4,1,1,0,-1,-1,1,1,0,-21,400000,0,1
4,1,1,0,0,-1,-1,-1,0,0,1,441,6400000
4,1,1,0,0,-1,-1,1,0,0,1,-441,6400000
4,1,1,0,0,-1,1,-1,0,0,1,-441,6400000
4,1,1,0,0,-1,1,1,0,0,1,441,6400000
4,1,1,0,0,0,-2,-2,0,0,1,147,25600000
4,1,1,0,0,0,-2,0,0,0,1,-147,12800000
4,1,1,0,0,0,-2,2,0,0,1,147,25600000
4,1,1,0,0,0,-1,-1,0,0,1,-21,320000
4,1,1,0,0,0,-1,1,0,0,1,21,320000
4,1,1,0,0,0,1,-1,0,0,1,-21,320000
4,1,1,0,0,0,1,1,0,0,1,21,320000
4,1,1,0,0,0,2,-2,0,0,1,-147,25600000
4,1,1,0,0,0,2,0,0,0,1,147,12800000
4,1,1,0,0,0,2,2,0,0,1,-147,25600000
4,1,1,0,0,1,-1,-1,0,0,1,-441,6400000
4,1,1,0,0,1,-1,1,0,0,1,441,6400000
4,1,1,0,0,1,1,-1,0,0,1,441,6400000
4,1,1,0,0,1,1,1,0,0,1,-441,6400000
4,1,1,0,1,1,-1,-1,0,-21,400000,0,1
4,1,1,0,1,1,-1,1,0,21,400000,0,1
4,1,1,0,1,1,1,-1,0,21,400000,0,1
4,1,1,0,1,1,1,1,0,-21,400000,0,1
4,1,1,0,2,1,-1,-1,0,0,1,441,6400000
4,1,1,0,2,1,-1,1,0,0,1,-441,6400000
4,1,1,0,2,1,1,-1,0,0,1,-441,6400000
4,1,1,0,2,1,1,1,0,0,1,441,6400000
4,1,1,0,2,2,-2,-2,0,0,1,-147,51200000
4,1,1,0,2,2,-2,0,0,0,1,147,25600000
4,1,1,0,2,2,-2,2,0,0,1,-147,51200000
4,1,1,0,2,2,-1,-2,0,0,1,147,25600000
4,1,1,0,2,2,-1,-1,0,0,1,399,6400000
4,1,1,0,2,2,-1,1,0,0,1,-399,6400000
4,1,1,0,2,2,-1,2,0,0,1,-147,25600000
4,1,1,0,2,2,1,-2,0,0,1,-147,25600000
4,1,1,0,2,2,1,-1,0,0,1,-399,6400000
4,1,1,0,2,2,1,1,0,0,1,399,6400000
4,1,1,0,2,2,1,2,0,0,1,147,25600000
4,1,1,0,2,2,2,-2,0,0,1,147,51200000
4,1,1,0,2,2,2,0,0,0,1,-147,25600000
4,1,1,0,2,2,2,2,0,0,1,147,51200000
4,1,2,0,-1,-1,-2,-2,0,0,1,147,25600000
4,1,2,0,-1,-1,-2,0,0,0,1,-147,12800000
4,1,2,0,-1,-1,-2,2,0,0,1,147,25600000
4,1,2,0,-1,-1,-1,-2,0,0,1,147,12800000
4,1,2,0,-1,-1,-1,-1,0,0,1,399,3200000
4,1,2,0,-1,-1,-1,1,0,0,1,-399,3200000
4,1,2,0,-1,-1,-1,2,0,0,1,-147,12800000
4,1,2,0,-1,-1,0,-2,0,0,1,147,12800000
4,1,2,0,-1,-1,0,0,0,0,1,-560441,19200000
4,1,2,0,-1,-1,0,2,0,0,1,147,12800000
4,1,2,0,-1,-1,1,-2,0,0,1,147,12800000
4,1,2,0,-1,-1,1,-1,0,0,1,399,3200000
4,1,2,0,-1,-1,1,1,0,0,1,-399,3200000
4,1,2,0,-1,-1,1,2,0,0,1,-147,12800000
4,1,2,0,-1,-1,2,-2,0,0,1,147,25600000
4,1,2,0,-1,-1,2,0,0,0,1,-147,12800000
4,1,2,0,-1,-1,2,2,0,0,1,147,25600000
4,1,2,0,-1,0,-1,-1,0,0,1,441,3200000
4,1,2,0,-1,0,-1,1,0,0,1,-441,3200000
4,1,2,0,-1,0,1,-1,0,0,1,441,3200000
4,1,2,0,-1,0,1,1,0,0,1,-441,3200000
4,1,2,0,1,0,-1,-1,0,0,1,441,3200000
4,1,2,0,1,0,-1,1,0,0,1,-441,3200000
4,1,2,0,1,0,1,-1,0,0,1,441,3200000
4,1,2,0,1,0,1,1,0,0,1,-441,3200000
4,1,2,0,1,1,-2,-2,0,0,1,-147,25600000
4,1,2,0,1,1,-2,0,0,0,1,147,12800000
4,1,2,0,1,1,-2,2,0,0,1,-147,25600000
4,1,2,0,1,1,-1,-2,0,0,1,147,12800000
4,1,2,0,1,1,-1,-1,0,0,1,399,3200000
4,1,2,0,1,1,-1,1,0,0,1,-399,3200000
4,1,2,0,1,1,-1,2,0,0,1,-147,12800000
4,1,2,0,1,1,0,-2,0,0,1,-147,12800000
4,1,2,0,1,1,0,0,0,0,1,560441,19200000
4,1,2,0,1,1,0,2,0,0,1,-147,12800000
4,1,2,0,1,1,1,-2,0,0,1,147,12800000
4,1,2,0,1,1,1,-1,0,0,1,399,3200000
4,1,2,0,1,1,1,1,0,0,1,-399,3200000
4,1,2,0,1,1,1,2,0,0,1,-147,12800000
4,1,2,0,1,1,2,-2,0,0,1,-147,25600000
4,1,2,0,1,1,2,0,0,0,1,147,12800000
4,1,2,0,1,1,2,2,0,0,1,-147,25600000
4,1,3,0,-1,-1,-2,-2,0,0,1,147,25600000
4,1,3,0,-1,-1,-2,0,0,0,1,-147,12800000
4,1,3,0,-1,-1,-2,2,0,0,1,147,25600000
4,1,3,0,-1,-1,-1,-2,0,0,1,147,12800000
4,1,3,0,-1,-1,-1,-1,0,0,1,399,3200000
4,1,3,0,-1,-1,-1,1,0,0,1,-399,3200000
4,1,3,0,-1,-1,-1,2,0,0,1,-147,12800000
4,1,3,0,-1,-1,0,-2,0,0,1,147,12800000
4,1,3,0,-1,-1,0,0,0,0,1,-560441,19200000
4,1,3,0,-1,-1,0,2,0,0,1,147,12800000
4,1,3,0,-1,-1,1,-2,0,0,1,147,12800000
4,1,3,0,-1,-1,1,-1,0,0,1,399,3200000
4,1,3,0,-1,-1,1,1,0,0,1,-399,3200000
4,1,3,0,-1,-1,1,2,0,0,1,-147,12800000
4,1,3,0,-1,-1,2,-2,0,0,1,147,25600000
4,1,3,0,-1,-1,2,0,0,0,1,-147,12800000
4,1,3,0,-1,-1,2,2,0,0,1,147,25600000
4,1,3,0,1,1,-2,-2,0,0,1,-147,25600000
4,1,3,0,1,1,-2,0,0,0,1,147,12800000
4,1,3,0,1,1,-2,2,0,0,1,-147,25600000
4,1,3,0,1,1,-1,-2,0,0,1,147,12800000
4,1,3,0,1,1,-1,-1,0,0,1,399,3200000
4,1,3,0,1,1,-1,1,0,0,1,-399,3200000
4,1,3,0,1,1,-1,2,0,0,1,-147,12800000
4,1,3,0,1,1,0,-2,0,0,1,-147,12800000
4,1,3,0,1,1,0,0,0,0,1,560441,19200000
4,1,3,0,1,1,0,2,0,0,1,-147,12800000
4,1,3,0,1,1,1,-2,0,0,1,147,12800000
4,1,3,0,1,1,1,-1,0,0,1,399,3200000
4,1,3,0,1,1,1,1,0,0,1,-399,3200000
4,1,3,0,1,1,1,2,0,0,1,-147,12800000
4,1,3,0,1,1,2,-2,0,0,1,-147,25600000
4,1,3,0,1,1,2,0,0,0,1,147,12800000
4,1,3,0,1,1,2,2,0,0,1,-147,25600000
4,1,5,0,-1,-1,-1,-2,0,0,1,147,12800000
4,1,5,0,-1,-1,-1,0,0,0,1,-40147,6400000
4,1,5,0,-1,-1,-1,2,0,0,1,147,12800000
4,1,5,0,-1,-1,0,-2,0,0,1,147,6400000
4,1,5,0,-1,-1,0,2,0,0,1,-147,6400000
4,1,5,0,-1,-1,1,-2,0,0,1,147,12800000
4,1,5,0,-1,-1,1,0,0,0,1,-40147,6400000
4,1,5,0,-1,-1,1,2,0,0,1,147,12800000
4,1,5,0,1,1,-1,-2,0,0,1,-147,12800000
4,1,5,0,1,1,-1,0,0,0,1,40147,6400000
4,1,5,0,1,1,-1,2,0,0,1,-147,12800000
4,1,5,0,1,1,0,-2,0,0,1,147,6400000
4,1,5,0,1,1,0,2,0,0,1,-147,6400000
4,1,5,0,1,1,1,-2,0,0,1,-147,12800000
4,1,5,0,1,1,1,0,0,0,1,40147,6400000
4,1,5,0,1,1,1,2,0,0,1,-147,12800000
4,1,6,0,-1,-1,-1,-1,0,0,1,1,960
4,1,6,0,-1,-1,-1,1,0,0,1,-1,960
4,1,6,0,-1,-1,1,-1,0,0,1,-1,960
4,1,6,0,-1,-1,1,1,0,0,1,1,960
4,1,6,0,1,1,-1,-1,0,0,1,-1,960
4,1,6,0,1,1,-1,1,0,0,1,1,960
4,1,6,0,1,1,1,-1,0,0,1,1,960
4,1,6,0,1,1,1,1,0,0,1,-1,960
4,2,1,0,-1,-1,-2,-2,0,0,1,147,25600000
4,2,1,0,-1,-1,-2,0,0,0,1,-147,12800000
4,2,1,0,-1,-1,-2,2,0,0,1,147,25600000
4,2,1,0,-1,-1,-1,-2,0,0,1,147,12800000
4,2,1,0,-1,-1,-1,-1,0,0,1,399,3200000
4,2,1,0,-1,-1,-1,1,0,0,1,-399,3200000
4,2,1,0,-1,-1,-1,2,0,0,1,-147,12800000
4,2,1,0,-1,-1,0,-2,0,0,1,147,12800000
4,2,1,0,-1,-1,0,0,0,0,1,-560441,19200000
4,2,1,0,-1,-1,0,2,0,0,1,147,12800000
4,2,1,0,-1,-1,1,-2,0,0,1,147,12800000
4,2,1,0,-1,-1,1,-1,0,0,1,399,3200000
4,2,1,0,-1,-1,1,1,0,0,1,-399,3200000
4,2,1,0,-1,-1,1,2,0,0,1,-147,12800000
4,2,1,0,-1,-1,2,-2,0,0,1,147,25600000
4,2,1,0,-1,-1,2,0,0,0,1,-147,12800000
4,2,1,0,-1,-1,2,2,0,0,1,147,25600000
4,2,1,0,-1,0,-1,-1,0,0,1,441,3200000
4,2,1,0,-1,0,-1,1,0,0,1,-441,3200000
4,2,1,0,-1,0,1,-1,0,0,1,441,3200000
4,2,1,0,-1,0,1,1,0,0,1,-441,3200000
4,2,1,0,1,0,-1,-1,0,0,1,441,3200000
4,2,1,0,1,0,-1,1,0,0,1,-441,3200000
4,2,1,0,1,0,1,-1,0,0,1,441,3200000
4,2,1,0,1,0,1,1,0,0,1,-441,3200000
4,2,1,0,1,1,-2,-2,0,0,1,-147,25600000
4,2,1,0,1,1,-2,0,0,0,1,147,12800000
4,2,1,0,1,1,-2,2,0,0,1,-147,25600000
4,2,1,0,1,1,-1,-2,0,0,1,147,12800000
4,2,1,0,1,1,-1,-1,0,0,1,399,3200000
4,2,1,0,1,1,-1,1,0,0,1,-399,3200000
4,2,1,0,1,1,-1,2,0,0,1,-147,12800000
4,2,1,0,1,1,0,-2,0,0,1,-147,12800000
4,2,1,0,1,1,0,0,0,0,1,560441,19200000
4,2,1,0,1,1,0,2,0,0,1,-147,12800000
4,2,1,0,1,1,1,-2,0,0,1,147,12800000
4,2,1,0,1,1,1,-1,0,0,1,399,3200000
4,2,1,0,1,1,1,1,0,0,1,-399,3200000
4,2,1,0,1,1,1,2,0,0,1,-147,12800000
4,2,1,0,1,1,2,-2,0,0,1,-147,25600000
4,2,1,0,1,1,2,0,0,0,1,147,12800000
4,2,1,0,1,1,2,2,0,0,1,-147,25600000
4,2,2,0,0,-1,-1,-1,0,0,1,441,3200000
4,2,2,0,0,-1,-1,1,0,0,1,-441,3200000
4,2,2,0,0,-1,1,-1,0,0,1,-441,3200000
4,2,2,0,0,-1,1,1,0,0,1,441,3200000
4,2,2,0,0,0,-2,-2,0,0,1,-147,12800000
4,2,2,0,0,0,-2,0,0,0,1,147,6400000
4,2,2,0,0,0,-2,2,0,0,1,-147,12800000
4,2,2,0,0,0,2,-2,0,0,1,147,12800000
4,2,2,0,0,0,2,0,0,0,1,-147,6400000
4,2,2,0,0,0,2,2,0,0,1,147,12800000
4,2,2,0,0,1,-1,-1,0,0,1,-441,3200000
4,2,2,0,0,1,-1,1,0,0,1,441,3200000
4,2,2,0,0,1,1,-1,0,0,1,441,3200000
4,2,2,0,0,1,1,1,0,0,1,-441,3200000
4,2,3,0,0,0,-2,-2,0,0,1,-147,12800000
4,2,3,0,0,0,-2,0,0,0,1,147,6400000
4,2,3,0,0,0,-2,2,0,0,1,-147,12800000
4,2,3,0,0,0,2,-2,0,0,1,147,12800000
4,2,3,0,0,0,2,0,0,0,1,-147,6400000
4,2,3,0,0,0,2,2,0,0,1,147,12800000
4,2,5,0,0,0,-1,-2,0,0,1,-147,6400000
4,2,5,0,0,0,-1,0,0,0,1,40147,3200000
4,2,5,0,0,0,-1,2,0,0,1,-147,6400000
4,2,5,0,0,0,1,-2,0,0,1,147,6400000
4,2,5,0,0,0,1,0,0,0,1,-40147,3200000
4,2,5,0,0,0,1,2,0,0,1,147,6400000
4,2,6,0,0,0,-1,-1,0,0,1,-1,480
4,2,6,0,0,0,-1,1,0,0,1,1,480
4,2,6,0,0,0,1,-1,0,0,1,-1,480
4,2,6,0,0,0,1,1,0,0,1,1,480
4,3,1,0,-1,-1,-2,-2,0,0,1,147,25600000
4,3,1,0,-1,-1,-2,0,0,0,1,-147,12800000
4,3,1,0,-1,-1,-2,2,0,0,1,147,25600000
4,3,1,0,-1,-1,-1,-2,0,0,1,147,12800000
4,3,1,0,-1,-1,-1,-1,0,0,1,399,3200000
4,3,1,0,-1,-1,-1,1,0,0,1,-399,3200000
4,3,1,0,-1,-1,-1,2,0,0,1,-147,12800000
4,3,1,0,-1,-1,0,-2,0,0,1,147,12800000
4,3,1,0,-1,-1,0,0,0,0,1,-560441,19200000
4,3,1,0,-1,-1,0,2,0,0,1,147,12800000
4,3,1,0,-1,-1,1,-2,0,0,1,147,12800000
4,3,1,0,-1,-1,1,-1,0,0,1,399,3200000
4,3,1,0,-1,-1,1,1,0,0,1,-399,3200000
4,3,1,0,-1,-1,1,2,0,0,1,-147,12800000
4,3,1,0,-1,-1,2,-2,0,0,1,147,25600000
4,3,1,0,-1,-1,2,0,0,0,1,-147,12800000
4,3,1,0,-1,-1,2,2,0,0,1,147,25600000
4,3,1,0,1,1,-2,-2,0,0,1,-147,25600000
4,3,1,0,1,1,-2,0,0,0,1,147,12800000
4,3,1,0,1,1,-2,2,0,0,1,-147,25600000
4,3,1,0,1,1,-1,-2,0,0,1,147,12800000
4,3,1,0,1,1,-1,-1,0,0,1,399,3200000
4,3,1,0,1,1,-1,1,0,0,1,-399,3200000
4,3,1,0,1,1,-1,2,0,0,1,-147,12800000
4,3,1,0,1,1,0,-2,0,0,1,-147,12800000
4,3,1,0,1,1,0,0,0,0,1,560441,19200000
4,3,1,0,1,1,0,2,0,0,1,-147,12800000
4,3,1,0,1,1,1,-2,0,0,1,147,12800000
4,3,1,0,1,1,1,-1,0,0,1,399,3200000
4,3,1,0,1,1,1,1,0,0,1,-399,3200000
4,3,1,0,1,1,1,2,0,0,1,-147,12800000
4,3,1,0,1,1,2,-2,0,0,1,-147,25600000
4,3,1,0,1,1,2,0,0,0,1,147,12800000
4,3,1,0,1,1,2,2,0,0,1,-147,25600000
4,3,2,0,0,0,-2,-2,0,0,1,-147,12800000
4,3,2,0,0,0,-2,0,0,0,1,147,6400000
4,3,2,0,0,0,-2,2,0,0,1,-147,12800000
4,3,2,0,0,0,2,-2,0,0,1,147,12800000
4,3,2,0,0,0,2,0,0,0,1,-147,6400000
4,3,2,0,0,0,2,2,0,0,1,147,12800000
4,3,3,0,0,0,-2,-2,0,0,1,-147,12800000
4,3,3,0,0,0,-2,0,0,0,1,147,6400000
4,3,3,0,0,0,-2,2,0,0,1,-147,12800000
4,3,3,0,0,0,2,-2,0,0,1,147,12800000
4,3,3,0,0,0,2,0,0,0,1,-147,6400000
4,3,3,0,0,0,2,2,0,0,1,147,12800000
4,3,5,0,0,0,-1,-2,0,0,1,-147,6400000
4,3,5,0,0,0,-1,0,0,0,1,40147,3200000
4,3,5,0,0,0,-1,2,0,0,1,-147,6400000
4,3,5,0,0,0,1,-2,0,0,1,147,6400000
4,3,5,0,0,0,1,0,0,0,1,-40147,3200000
4,3,5,0,0,0,1,2,0,0,1,147,6400000
4,3,6,0,0,0,-1,-1,0,0,1,-1,480
4,3,6,0,0,0,-1,1,0,0,1,1,480
4,3,6,0,0,0,1,-1,0,0,1,-1,480
4,3,6,0,0,0,1,1,0,0,1,1,480
4,4,5,0,0,0,0,-2,0,0,1,147,3200000
4,4,5,0,0,0,0,2,0,0,1,-147,3200000
4,5,1,0,-1,-1,-1,-2,0,0,1,147,12800000
4,5,1,0,-1,-1,-1,0,0,0,1,-40147,6400000
4,5,1,0,-1,-1,-1,2,0,0,1,147,12800000
4,5,1,0,-1,-1,0,-2,0,0,1,147,6400000
4,5,1,0,-1,-1,0,2,0,0,1,-147,6400000
4,5,1,0,-1,-1,1,-2,0,0,1,147,12800000
4,5,1,0,-1,-1,1,0,0,0,1,-40147,6400000
4,5,1,0,-1,-1,1,2,0,0,1,147,12800000
4,5,1,0,1,1,-1,-2,0,0,1,-147,12800000
4,5,1,0,1,1,-1,0,0,0,1,40147,6400000
4,5,1,0,1,1,-1,2,0,0,1,-147,12800000
4,5,1,0,1,1,0,-2,0,0,1,147,6400000
4,5,1,0,1,1,0,2,0,0,1,-147,6400000
4,5,1,0,1,1,1,-2,0,0,1,-147,12800000
4,5,1,0,1,1,1,0,0,0,1,40147,6400000
4,5,1,0,1,1,1,2,0,0,1,-147,12800000
4,5,2,0,0,0,-1,-2,0,0,1,-147,6400000
4,5,2,0,0,0,-1,0,0,0,1,40147,3200000
4,5,2,0,0,0,-1,2,0,0,1,-147,6400000
4,5,2,0,0,0,1,-2,0,0,1,147,6400000
4,5,2,0,0,0,1,0,0,0,1,-40147,3200000
4,5,2,0,0,0,1,2,0,0,1,147,6400000
4,5,3,0,0,0,-1,-2,0,0,1,-147,6400000
4,5,3,0,0,0,-1,0,0,0,1,40147,3200000
4,5,3,0,0,0,-1,2,0,0,1,-147,6400000
4,5,3,0,0,0,1,-2,0,0,1,147,6400000
4,5,3,0,0,0,1,0,0,0,1,-40147,3200000
4,5,3,0,0,0,1,2,0,0,1,147,6400000
4,5,4,0,0,0,0,-2,0,0,1,147,3200000
4,5,4,0,0,0,0,2,0,0,1,-147,3200000
4,5,6,0,0,0,0,-1,0,0,1,-1,240
4,5,6,0,0,0,0,1,0,0,1,1,240
4,6,1,0,-1,-1,-1,-1,0,0,1,1,960
4,6,1,0,-1,-1,-1,1,0,0,1,-1,960
4,6,1,0,-1,-1,1,-1,0,0,1,-1,960
4,6,1,0,-1,-1,1,1,0,0,1,1,960
4,6,1,0,1,1,-1,-1,0,0,1,-1,960
4,6,1,0,1,1,-1,1,0,0,1,1,960
4,6,1,0,1,1,1,-1,0,0,1,1,960
4,6,1,0,1,1,1,1,0,0,1,-1,960
4,6,2,0,0,0,-1,-1,0,0,1,-1,480
4,6,2,0,0,0,-1,1,0,0,1,1,480
4,6,2,0,0,0,1,-1,0,0,1,-1,480
4,6,2,0,0,0,1,1,0,0,1,1,480
4,6,3,0,0,0,-1,-1,0,0,1,-1,480
4,6,3,0,0,0,-1,1,0,0,1,1,480
4,6,3,0,0,0,1,-1,0,0,1,-1,480
4,6,3,0,0,0,1,1,0,0,1,1,480
4,6,5,0,0,0,0,-1,0,0,1,-1,240
4,6,5,0,0,0,0,1,0,0,1,1,240
5,1,1,0,-2,-2,-2,-2,0,0,1,-147,51200000
5,1,1,0,-2,-2,-2,2,0,0,1,147,51200000
5,1,1,0,-2,-2,-1,-2,0,0,1,-147,12800000
5,1,1,0,-2,-2,-1,-1,0,0,1,-399,6400000
5,1,1,0,-2,-2,-1,1,0,0,1,-399,6400000
5,1,1,0,-2,-2,-1,2,0,0,1,-147,12800000
5,1,1,0,-2,-2,0,-2,0,0,1,-441,25600000
5,1,1,0,-2,-2,0,-1,0,0,1,-399,3200000
5,1,1,0,-2,-2,0,1,0,0,1,399,3200000
5,1,1,0,-2,-2,0,2,0,0,1,441,25600000
5,1,1,0,-2,-2,1,-2,0,0,1,-147,12800000
5,1,1,0,-2,-2,1,-1,0,0,1,-399,6400000
5,1,1,0,-2,-2,1,1,0,0,1,-399,6400000
5,1,1,0,-2,-2,1,2,0,0,1,-147,12800000
5,1,1,0,-2,-2,2,-2,0,0,1,-147,51200000
5,1,1,0,-2,-2,2,2,0,0,1,147,51200000
5,1,1,0,-2,-1,-1,-1,0,0,1,-441,6400000
5,1,1,0,-2,-1,-1,1,0,0,1,-441,6400000
5,1,1,0,-2,-1,0,-1,0,0,1,-441,3200000
5,1,1,0,-2,-1,0,1,0,0,1,441,3200000
5,1,1,0,-2,-1,1,-1,0,0,1,-441,6400000
5,1,1,0,-2,-1,1,1,0,0,1,-441,6400000
5,1,1,0,-1,-1,-1,-1,0,-21,400000,0,1
5,1,1,0,-1,-1,-1,1,0,-21,400000,0,1
5,1,1,0,-1,-1,0,-1,0,-21,200000,0,1
5,1,1,0,-1,-1,0,1,0,21,200000,0,1
5,1,1,0,-1,-1,1,-1,0,-21,400000,0,1
5,1,1,0,-1,-1,1,1,0,-21,400000,0,1
5,1,1,0,0,-1,-1,-1,0,0,1,441,6400000
5,1,1,0,0,-1,-1,1,0,0,1,441,6400000
5,1,1,0,0,-1,0,-1,0,0,1,441,3200000
5,1,1,0,0,-1,0,1,0,0,1,-441,3200000
5,1,1,0,0,-1,1,-1,0,0,1,441,6400000
5,1,1,0,0,-1,1,1,0,0,1,441,6400000
5,1,1,0,0,0,-2,-2,0,0,1,147,25600000
5,1,1,0,0,0,-2,2,0,0,1,-147,25600000
5,1,1,0,0,0,-1,-1,0,0,1,-21,320000
5,1,1,0,0,0,-1,1,0,0,1,-21,320000
5,1,1,0,0,0,0,-2,0,0,1,-147,12800000
5,1,1,0,0,0,0,-1,0,0,1,399,1600000
5,1,1,0,0,0,0,1,0,0,1,-399,1600000
5,1,1,0,0,0,0,2,0,0,1,147,12800000
5,1,1,0,0,0,1,-1,0,0,1,21,320000
5,1,1,0,0,0,1,1,0,0,1,21,320000
5,1,1,0,0,0,2,-2,0,0,1,147,25600000
5,1,1,0,0,0,2,2,0,0,1,-147,25600000
5,1,1,0,0,1,-1,-1,0,0,1,-441,6400000
5,1,1,0,0,1,-1,1,0,0,1,-441,6400000
5,1,1,0,0,1,0,-1,0,0,1,441,3200000
5,1,1,0,0,1,0,1,0,0,1,-441,3200000
5,1,1,0,0,1,1,-1,0,0,1,-441,6400000
5,1,1,0,0,1,1,1,0,0,1,-441,6400000
5,1,1,0,1,1,-1,-1,0,-21,400000,0,1
5,1,1,0,1,1,-1,1,0,-21,400000,0,1
5,1,1,0,1,1,0,-1,0,21,200000,0,1
5,1,1,0,1,1,0,1,0,-21,200000,0,1
5,1,1,0,1,1,1,-1,0,-21,400000,0,1
5,1,1,0,1,1,1,1,0,-21,400000,0,1
5,1,1,0,2,1,-1,-1,0,0,1,441,6400000
5,1,1,0,2,1,-1,1,0,0,1,441,6400000
5,1,1,0,2,1,0,-1,0,0,1,-441,3200000
5,1,1,0,2,1,0,1,0,0,1,441,3200000
5,1,1,0,2,1,1,-1,0,0,1,441,6400000
5,1,1,0,2,1,1,1,0,0,1,441,6400000
5,1,1,0,2,2,-2,-2,0,0,1,-147,51200000
5,1,1,0,2,2,-2,2,0,0,1,147,51200000
5,1,1,0,2,2,-1,-2,0,0,1,147,12800000
5,1,1,0,2,2,-1,-1,0,0,1,399,6400000
5,1,1,0,2,2,-1,1,0,0,1,399,6400000
5,1,1,0,2,2,-1,2,0,0,1,147,12800000
5,1,1,0,2,2,0,-2,0,0,1,-441,25600000
5,1,1,0,2,2,0,-1,0,0,1,-399,3200000
5,1,1,0,2,2,0,1,0,0,1,399,3200000
5,1,1,0,2,2,0,2,0,0,1,441,25600000
5,1,1,0,2,2,1,-2,0,0,1,147,12800000
5,1,1,0,2,2,1,-1,0,0,1,399,6400000
5,1,1,0,2,2,1,1,0,0,1,399,6400000
5,1,1,0,2,2,1,2,0,0,1,147,12800000
5,1,1,0,2,2,2,-2,0,0,1,-147,51200000
5,1,1,0,2,2,2,2,0,0,1,147,51200000
5,1,2,0,-1,-1,-2,-2,0,0,1,147,25600000
5,1,2,0,-1,-1,-2,2,0,0,1,-147,25600000
5,1,2,0,-1,-1,-1,-2,0,0,1,147,12800000
5,1,2,0,-1,-1,-1,-1,0,0,1,399,3200000
5,1,2,0,-1,-1,-1,0,0,0,1,40147,6400000
5,1,2,0,-1,-1,-1,1,0,0,1,399,3200000
5,1,2,0,-1,-1,-1,2,0,0,1,147,12800000
5,1,2,0,-1,-1,1,-2,0,0,1,-147,12800000
5,1,2,0,-1,-1,1,-1,0,0,1,-399,3200000
5,1,2,0,-1,-1,1,0,0,0,1,-40147,6400000
5,1,2,0,-1,-1,1,1,0,0,1,-399,3200000
5,1,2,0,-1,-1,1,2,0,0,1,-147,12800000
5,1,2,0,-1,-1,2,-2,0,0,1,-147,25600000
5,1,2,0,-1,-1,2,2,0,0,1,147,25600000
5,1,2,0,-1,0,-1,-1,0,0,1,441,3200000
5,1,2,0,-1,0,-1,1,0,0,1,441,3200000
5,1,2,0,-1,0,1,-1,0,0,1,-441,3200000
5,1,2,0,-1,0,1,1,0,0,1,-441,3200000
5,1,2,0,1,0,-1,-1,0,0,1,441,3200000
5,1,2,0,1,0,-1,1,0,0,1,441,3200000
5,1,2,0,1,0,1,-1,0,0,1,-441,3200000
5,1,2,0,1,0,1,1,0,0,1,-441,3200000
5,1,2,0,1,1,-2,-2,0,0,1,-147,25600000
5,1,2,0,1,1,-2,2,0,0,1,147,25600000
5,1,2,0,1,1,-1,-2,0,0,1,147,12800000
5,1,2,0,1,1,-1,-1,0,0,1,399,3200000
5,1,2,0,1,1,-1,0,0,0,1,40147,6400000
5,1,2,0,1,1,-1,1,0,0,1,399,3200000
5,1,2,0,1,1,-1,2,0,0,1,147,12800000
5,1,2,0,1,1,1,-2,0,0,1,-147,12800000
5,1,2,0,1,1,1,-1,0,0,1,-399,3200000
5,1,2,0,1,1,1,0,0,0,1,-40147,6400000
5,1,2,0,1,1,1,1,0,0,1,-399,3200000
5,1,2,0,1,1,1,2,0,0,1,-147,12800000
5,1,2,0,1,1,2,-2,0,0,1,147,25600000
5,1,2,0,1,1,2,2,0,0,1,-147,25600000
5,1,3,0,-1,-1,-2,-2,0,0,1,147,25600000
5,1,3,0,-1,-1,-2,2,0,0,1,-147,25600000
5,1,3,0,-1,-1,-1,-2,0,0,1,147,12800000
5,1,3,0,-1,-1,-1,-1,0,0,1,399,3200000
5,1,3,0,-1,-1,-1,0,0,0,1,40147,6400000
5,1,3,0,-1,-1,-1,1,0,0,1,399,3200000
5,1,3,0,-1,-1,-1,2,0,0,1,147,12800000
5,1,3,0,-1,-1,1,-2,0,0,1,-147,12800000
5,1,3,0,-1,-1,1,-1,0,0,1,-399,3200000
5,1,3,0,-1,-1,1,0,0,0,1,-40147,6400000
5,1,3,0,-1,-1,1,1,0,0,1,-399,3200000
5,1,3,0,-1,-1,1,2,0,0,1,-147,12800000
5,1,3,0,-1,-1,2,-2,0,0,1,-147,25600000
5,1,3,0,-1,-1,2,2,0,0,1,147,25600000
5,1,3,0,1,1,-2,-2,0,0,1,-147,25600000
5,1,3,0,1,1,-2,2,0,0,1,147,25600000
5,1,3,0,1,1,-1,-2,0,0,1,147,12800000
5,1,3,0,1,1,-1,-1,0,0,1,399,3200000
5,1,3,0,1,1,-1,0,0,0,1,40147,6400000
5,1,3,0,1,1,-1,1,0,0,1,399,3200000
5,1,3,0,1,1,-1,2,0,0,1,147,12800000
5,1,3,0,1,1,1,-2,0,0,1,-147,12800000
5,1,3,0,1,1,1,-1,0,0,1,-399,3200000
5,1,3,0,1,1,1,0,0,0,1,-40147,6400000
5,1,3,0,1,1,1,1,0,0,1,-399,3200000
5,1,3,0,1,1,1,2,0,0,1,-147,12800000
5,1,3,0,1,1,2,-2,0,0,1,147,25600000
5,1,3,0,1,1,2,2,0,0,1,-147,25600000
5,1,4,0,-1,-1,-1,-2,0,0,1,-147,12800000
5,1,4,0,-1,-1,-1,0,0,0,1,40147,6400000
5,1,4,0,-1,-1,-1,2,0,0,1,-147,12800000
5,1,4,0,-1,-1,0,-2,0,0,1,-147,6400000
5,1,4,0,-1,-1,0,2,0,0,1,147,6400000
5,1,4,0,-1,-1,1,-2,0,0,1,-147,12800000
5,1,4,0,-1,-1,1,0,0,0,1,40147,6400000
5,1,4,0,-1,-1,1,2,0,0,1,-147,12800000
5,1,4,0,1,1,-1,-2,0,0,1,147,12800000
5,1,4,0,1,1,-1,0,0,0,1,-40147,6400000
5,1,4,0,1,1,-1,2,0,0,1,147,12800000
5,1,4,0,1,1,0,-2,0,0,1,-147,6400000
5,1,4,0,1,1,0,2,0,0,1,147,6400000
5,1,4,0,1,1,1,-2,0,0,1,147,12800000
5,1,4,0,1,1,1,0,0,0,1,-40147,6400000
5,1,4,0,1,1,1,2,0,0,1,147,12800000
5,1,6,0,-1,-1,-1,-1,0,0,1,1,960
5,1,6,0,-1,-1,-1,1,0,0,1,1,960
5,1,6,0,-1,-1,0,-1,0,0,1,1,480
5,1,6,0,-1,-1,0,1,0,0,1,-1,480
5,1,6,0,-1,-1,1,-1,0,0,1,1,960
5,1,6,0,-1,-1,1,1,0,0,1,1,960
5,1,6,0,1,1,-1,-1,0,0,1,-1,960
5,1,6,0,1,1,-1,1,0,0,1,-1,960
5,1,6,0,1,1,0,-1,0,0,1,1,480
5,1,6,0,1,1,0,1,0,0,1,-1,480
5,1,6,0,1,1,1,-1,0,0,1,-1,960
5,1,6,0,1,1,1,1,0,0,1,-1,960
5,2,1,0,-1,-1,-2,-2,0,0,1,147,25600000
5,2,1,0,-1,-1,-2,2,0,0,1,-147,25600000
5,2,1,0,-1,-1,-1,-2,0,0,1,147,12800000
5,2,1,0,-1,-1,-1,-1,0,0,1,399,3200000
5,2,1,0,-1,-1,-1,0,0,0,1,40147,6400000
5,2,1,0,-1,-1,-1,1,0,0,1,399,3200000
5,2,1,0,-1,-1,-1,2,0,0,1,147,12800000
5,2,1,0,-1,-1,1,-2,0,0,1,-147,12800000
5,2,1,0,-1,-1,1,-1,0,0,1,-399,3200000
5,2,1,0,-1,-1,1,0,0,0,1,-40147,6400000
5,2,1,0,-1,-1,1,1,0,0,1,-399,3200000
5,2,1,0,-1,-1,1,2,0,0,1,-147,12800000
5,2,1,0,-1,-1,2,-2,0,0,1,-147,25600000
5,2,1,0,-1,-1,2,2,0,0,1,147,25600000
5,2,1,0,-1,0,-1,-1,0,0,1,441,3200000
5,2,1,0,-1,0,-1,1,0,0,1,441,3200000
5,2,1,0,-1,0,1,-1,0,0,1,-441,3200000
5,2,1,0,-1,0,1,1,0,0,1,-441,3200000
5,2,1,0,1,0,-1,-1,0,0,1,441,3200000
5,2,1,0,1,0,-1,1,0,0,1,441,3200000
5,2,1,0,1,0,1,-1,0,0,1,-441,3200000
5,2,1,0,1,0,1,1,0,0,1,-441,3200000
5,2,1,0,1,1,-2,-2,0,0,1,-147,25600000
5,2,1,0,1,1,-2,2,0,0,1,147,25600000
5,2,1,0,1,1,-1,-2,0,0,1,147,12800000
5,2,1,0,1,1,-1,-1,0,0,1,399,3200000
5,2,1,0,1,1,-1,0,0,0,1,40147,6400000
5,2,1,0,1,1,-1,1,0,0,1,399,3200000
5,2,1,0,1,1,-1,2,0,0,1,147,12800000
5,2,1,0,1,1,1,-2,0,0,1,-147,12800000
5,2,1,0,1,1,1,-1,0,0,1,-399,3200000
5,2,1,0,1,1,1,0,0,0,1,-40147,6400000
5,2,1,0,1,1,1,1,0,0,1,-399,3200000
5,2,1,0,1,1,1,2,0,0,1,-147,12800000
5,2,1,0,1,1,2,-2,0,0,1,147,25600000
5,2,1,0,1,1,2,2,0,0,1,-147,25600000
5,2,2,0,0,-1,-1,-1,0,0,1,441,3200000
5,2,2,0,0,-1,-1,1,0,0,1,441,3200000
5,2,2,0,0,-1,0,-1,0,0,1,441,1600000
5,2,2,0,0,-1,0,1,0,0,1,-441,1600000
5,2,2,0,0,-1,1,-1,0,0,1,441,3200000
5,2,2,0,0,-1,1,1,0,0,1,441,3200000
5,2,2,0,0,0,-2,-2,0,0,1,-147,12800000
5,2,2,0,0,0,-2,2,0,0,1,147,12800000
5,2,2,0,0,0,0,-2,0,0,1,147,6400000
5,2,2,0,0,0,0,-1,0,0,1,399,800000
5,2,2,0,0,0,0,1,0,0,1,-399,800000
5,2,2,0,0,0,0,2,0,0,1,-147,6400000
5,2,2,0,0,0,2,-2,0,0,1,-147,12800000
5,2,2,0,0,0,2,2,0,0,1,147,12800000
5,2,2,0,0,1,-1,-1,0,0,1,-441,3200000
5,2,2,0,0,1,-1,1,0,0,1,-441,3200000
5,2,2,0,0,1,0,-1,0,0,1,441,1600000
5,2,2,0,0,1,0,1,0,0,1,-441,1600000
5,2,2,0,0,1,1,-1,0,0,1,-441,3200000
5,2,2,0,0,1,1,1,0,0,1,-441,3200000
5,2,3,0,0,0,-2,-2,0,0,1,-147,12800000
5,2,3,0,0,0,-2,2,0,0,1,147,12800000
5,2,3,0,0,0,0,-2,0,0,1,147,6400000
5,2,3,0,0,0,0,-1,0,0,1,399,800000
5,2,3,0,0,0,0,1,0,0,1,-399,800000
5,2,3,0,0,0,0,2,0,0,1,-147,6400000
5,2,3,0,0,0,2,-2,0,0,1,-147,12800000
5,2,3,0,0,0,2,2,0,0,1,147,12800000
5,2,4,0,0,0,-1,-2,0,0,1,147,6400000
5,2,4,0,0,0,-1,0,0,0,1,-40147,3200000
5,2,4,0,0,0,-1,2,0,0,1,147,6400000
5,2,4,0,0,0,1,-2,0,0,1,-147,6400000
5,2,4,0,0,0,1,0,0,0,1,40147,3200000
5,2,4,0,0,0,1,2,0,0,1,-147,6400000
5,2,6,0,0,0,-1,-1,0,0,1,-1,480
5,2,6,0,0,0,-1,1,0,0,1,-1,480
5,2,6,0,0,0,1,-1,0,0,1,1,480
5,2,6,0,0,0,1,1,0,0,1,1,480
5,3,1,0,-1,-1,-2,-2,0,0,1,147,25600000
5,3,1,0,-1,-1,-2,2,0,0,1,-147,25600000
5,3,1,0,-1,-1,-1,-2,0,0,1,147,12800000
5,3,1,0,-1,-1,-1,-1,0,0,1,399,3200000
5,3,1,0,-1,-1,-1,0,0,0,1,40147,6400000
5,3,1,0,-1,-1,-1,1,0,0,1,399,3200000
5,3,1,0,-1,-1,-1,2,0,0,1,147,12800000
5,3,1,0,-1,-1,1,-2,0,0,1,-147,12800000
5,3,1,0,-1,-1,1,-1,0,0,1,-399,3200000
5,3,1,0,-1,-1,1,0,0,0,1,-40147,6400000
5,3,1,0,-1,-1,1,1,0,0,1,-399,3200000
5,3,1,0,-1,-1,1,2,0,0,1,-147,12800000
5,3,1,0,-1,-1,2,-2,0,0,1,-147,25600000
5,3,1,0,-1,-1,2,2,0,0,1,147,25600000
5,3,1,0,1,1,-2,-2,0,0,1,-147,25600000
5,3,1,0,1,1,-2,2,0,0,1,147,25600000
5,3,1,0,1,1,-1,-2,0,0,1,147,12800000
5,3,1,0,1,1,-1,-1,0,0,1,399,3200000
5,3,1,0,1,1,-1,0,0,0,1,40147,6400000
5,3,1,0,1,1,-1,1,0,0,1,399,3200000
5,3,1,0,1,1,-1,2,0,0,1,147,12800000
5,3,1,0,1,1,1,-2,0,0,1,-147,12800000
5,3,1,0,1,1,1,-1,0,0,1,-399,3200000
5,3,1,0,1,1,1,0,0,0,1,-40147,6400000
5,3,1,0,1,1,1,1,0,0,1,-399,3200000
5,3,1,0,1,1,1,2,0,0,1,-147,12800000
5,3,1,0,1,1,2,-2,0,0,1,147,25600000
5,3,1,0,1,1,2,2,0,0,1,-147,25600000
5,3,2,0,0,0,-2,-2,0,0,1,-147,12800000
5,3,2,0,0,0,-2,2,0,0,1,147,12800000
5,3,2,0,0,0,0,-2,0,0,1,147,6400000
5,3,2,0,0,0,0,-1,0,0,1,399,800000
5,3,2,0,0,0,0,1,0,0,1,-399,800000
5,3,2,0,0,0,0,2,0,0,1,-147,6400000
5,3,2,0,0,0,2,-2,0,0,1,-147,12800000
5,3,2,0,0,0,2,2,0,0,1,147,12800000
5,3,3,0,0,0,-2,-2,0,0,1,-147,12800000
5,3,3,0,0,0,-2,2,0,0,1,147,12800000
5,3,3,0,0,0,0,-2,0,0,1,147,6400000
5,3,3,0,0,0,0,-1,0,0,1,399,800000
5,3,3,0,0,0,0,1,0,0,1,-399,800000
5,3,3,0,0,0,0,2,0,0,1,-147,6400000
5,3,3,0,0,0,2,-2,0,0,1,-147,12800000
5,3,3,0,0,0,2,2,0,0,1,147,12800000
5,3,4,0,0,0,-1,-2,0,0,1,147,6400000
5,3,4,0,0,0,-1,0,0,0,1,-40147,3200000
5,3,4,0,0,0,-1,2,0,0,1,147,6400000
5,3,4,0,0,0,1,-2,0,0,1,-147,6400000
5,3,4,0,0,0,1,0,0,0,1,40147,3200000
5,3,4,0,0,0,1,2,0,0,1,-147,6400000
5,3,6,0,0,0,-1,-1,0,0,1,-1,480
5,3,6,0,0,0,-1,1,0,0,1,-1,480
5,3,6,0,0,0,1,-1,0,0,1,1,480
5,3,6,0,0,0,1,1,0,0,1,1,480
5,4,1,0,-1,-1,-1,-2,0,0,1,-147,12800000
5,4,1,0,-1,-1,-1,0,0,0,1,40147,6400000
5,4,1,0,-1,-1,-1,2,0,0,1,-147,12800000
5,4,1,0,-1,-1,0,-2,0,0,1,-147,6400000
5,4,1,0,-1,-1,0,2,0,0,1,147,6400000
5,4,1,0,-1,-1,1,-2,0,0,1,-147,12800000
5,4,1,0,-1,-1,1,0,0,0,1,40147,6400000
5,4,1,0,-1,-1,1,2,0,0,1,-147,12800000
5,4,1,0,1,1,-1,-2,0,0,1,147,12800000
5,4,1,0,1,1,-1,0,0,0,1,-40147,6400000
5,4,1,0,1,1,-1,2,0,0,1,147,12800000
5,4,1,0,1,1,0,-2,0,0,1,-147,6400000
5,4,1,0,1,1,0,2,0,0,1,147,6400000
5,4,1,0,1,1,1,-2,0,0,1,147,12800000
5,4,1,0,1,1,1,0,0,0,1,-40147,6400000
5,4,1,0,1,1,1,2,0,0,1,147,12800000
5,4,2,0,0,0,-1,-2,0,0,1,147,6400000
5,4,2,0,0,0,-1,0,0,0,1,-40147,3200000
5,4,2,0,0,0,-1,2,0,0,1,147,6400000
5,4,2,0,0,0,1,-2,0,0,1,-147,6400000
5,4,2,0,0,0,1,0,0,0,1,40147,3200000
5,4,2,0,0,0,1,2,0,0,1,-147,6400000
5,4,3,0,0,0,-1,-2,0,0,1,147,6400000
5,4,3,0,0,0,-1,0,0,0,1,-40147,3200000
5,4,3,0,0,0,-1,2,0,0,1,147,6400000
5,4,3,0,0,0,1,-2,0,0,1,-147,6400000
5,4,3,0,0,0,1,0,0,0,1,40147,3200000
5,4,3,0,0,0,1,2,0,0,1,-147,6400000
5,4,4,0,0,0,0,-2,0,0,1,-147,3200000
5,4,4,0,0,0,0,2,0,0,1,147,3200000
5,4,6,0,0,0,0,-1,0,0,1,1,240
5,4,6,0,0,0,0,1,0,0,1,-1,240
5,6,1,0,-1,-1,-1,-1,0,0,1,1,960
5,6,1,0,-1,-1,-1,1,0,0,1,1,960
5,6,1,0,-1,-1,0,-1,0,0,1,1,480
5,6,1,0,-1,-1,0,1,0,0,1,-1,480
5,6,1,0,-1,-1,1,-1,0,0,1,1,960
5,6,1,0,-1,-1,1,1,0,0,1,1,960
5,6,1,0,1,1,-1,-1,0,0,1,-1,960
5,6,1,0,1,1,-1,1,0,0,1,-1,960
5,6,1,0,1,1,0,-1,0,0,1,1,480
5,6,1,0,1,1,0,1,0,0,1,-1,480
5,6,1,0,1,1,1,-1,0,0,1,-1,960
5,6,1,0,1,1,1,1,0,0,1,-1,960
5,6,2,0,0,0,-1,-1,0,0,1,-1,480
5,6,2,0,0,0,-1,1,0,0,1,-1,480
5,6,2,0,0,0,1,-1,0,0,1,1,480
5,6,2,0,0,0,1,1,0,0,1,1,480
5,6,3,0,0,0,-1,-1,0,0,1,-1,480
5,6,3,0,0,0,-1,1,0,0,1,-1,480
5,6,3,0,0,0,1,-1,0,0,1,1,480
5,6,3,0,0,0,1,1,0,0,1,1,480
5,6,4,0,0,0,0,-1,0,0,1,1,240
5,6,4,0,0,0,0,1,0,0,1,-1,240
6,1,2,0,-1,-1,-1,-1,0,0,1,-1,960
6,1,2,0,-1,-1,-1,1,0,0,1,1,960
6,1,2,0,-1,-1,0,-1,0,0,1,-1,480
6,1,2,0,-1,-1,0,1,0,0,1,-1,480
6,1,2,0,-1,-1,1,-1,0,0,1,-1,960
6,1,2,0,-1,-1,1,1,0,0,1,1,960
6,1,2,0,1,1,-1,-1,0,0,1,-1,960
6,1,2,0,1,1,-1,1,0,0,1,1,960
6,1,2,0,1,1,0,-1,0,0,1,1,480
6,1,2,0,1,1,0,1,0,0,1,1,480
6,1,2,0,1,1,1,-1,0,0,1,-1,960
6,1,2,0,1,1,1,1,0,0,1,1,960
6,1,3,0,-1,-1,-1,-1,0,0,1,-1,960
6,1,3,0,-1,-1,-1,1,0,0,1,1,960
6,1,3,0,-1,-1,0,-1,0,0,1,-1,480
6,1,3,0,-1,-1,0,1,0,0,1,-1,480
6,1,3,0,-1,-1,1,-1,0,0,1,-1,960
6,1,3,0,-1,-1,1,1,0,0,1,1,960
6,1,3,0,1,1,-1,-1,0,0,1,-1,960
6,1,3,0,1,1,-1,1,0,0,1,1,960
6,1,3,0,1,1,0,-1,0,0,1,1,480
6,1,3,0,1,1,0,1,0,0,1,1,480
6,1,3,0,1,1,1,-1,0,0,1,-1,960
6,1,3,0,1,1,1,1,0,0,1,1,960
6,1,4,0,-1,-1,-1,-1,0,0,1,-1,960
6,1,4,0,-1,-1,-1,1,0,0,1,1,960
6,1,4,0,-1,-1,1,-1,0,0,1,1,960
6,1,4,0,-1,-1,1,1,0,0,1,-1,960
6,1,4,0,1,1,-1,-1,0,0,1,1,960
6,1,4,0,1,1,-1,1,0,0,1,-1,960
6,1,4,0,1,1,1,-1,0,0,1,-1,960
6,1,4,0,1,1,1,1,0,0,1,1,960
6,1,5,0,-1,-1,-1,-1,0,0,1,-1,960
6,1,5,0,-1,-1,-1,1,0,0,1,-1,960
6,1,5,0,-1,-1,0,-1,0,0,1,-1,480
6,1,5,0,-1,-1,0,1,0,0,1,1,480
6,1,5,0,-1,-1,1,-1,0,0,1,-1,960
6,1,5,0,-1,-1,1,1,0,0,1,-1,960
6,1,5,0,1,1,-1,-1,0,0,1,1,960
6,1,5,0,1,1,-1,1,0,0,1,1,960
6,1,5,0,1,1,0,-1,0,0,1,-1,480
6,1,5,0,1,1,0,1,0,0,1,1,480
6,1,5,0,1,1,1,-1,0,0,1,1,960
6,1,5,0,1,1,1,1,0,0,1,1,960
6,2,1,0,-1,-1,-1,-1,0,0,1,-1,960
6,2,1,0,-1,-1,-1,1,0,0,1,1,960
6,2,1,0,-1,-1,0,-1,0,0,1,-1,480
6,2,1,0,-1,-1,0,1,0,0,1,-1,480
6,2,1,0,-1,-1,1,-1,0,0,1,-1,960
6,2,1,0,-1,-1,1,1,0,0,1,1,960
6,2,1,0,1,1,-1,-1,0,0,1,-1,960
6,2,1,0,1,1,-1,1,0,0,1,1,960
6,2,1,0,1,1,0,-1,0,0,1,1,480
6,2,1,0,1,1,0,1,0,0,1,1,480
6,2,1,0,1,1,1,-1,0,0,1,-1,960
6,2,1,0,1,1,1,1,0,0,1,1,960
6,2,4,0,0,0,-1,-1,0,0,1,1,480
6,2,4,0,0,0,-1,1,0,0,1,-1,480
6,2,4,0,0,0,1,-1,0,0,1,1,480
6,2,4,0,0,0,1,1,0,0,1,-1,480
6,2,5,0,0,0,-1,-1,0,0,1,1,480
6,2,5,0,0,0,-1,1,0,0,1,1,480
6,2,5,0,0,0,1,-1,0,0,1,-1,480
6,2,5,0,0,0,1,1,0,0,1,-1,480
6,3,1,0,-1,-1,-1,-1,0,0,1,-1,960
6,3,1,0,-1,-1,-1,1,0,0,1,1,960
6,3,1,0,-1,-1,0,-1,0,0,1,-1,480
6,3,1,0,-1,-1,0,1,0,0,1,-1,480
6,3,1,0,-1,-1,1,-1,0,0,1,-1,960
6,3,1,0,-1,-1,1,1,0,0,1,1,960
6,3,1,0,1,1,-1,-1,0,0,1,-1,960
6,3,1,0,1,1,-1,1,0,0,1,1,960
6,3,1,0,1,1,0,-1,0,0,1,1,480
6,3,1,0,1,1,0,1,0,0,1,1,480
6,3,1,0,1,1,1,-1,0,0,1,-1,960
6,3,1,0,1,1,1,1,0,0,1,1,960
6,3,4,0,0,0,-1,-1,0,0,1,1,480
6,3,4,0,0,0,-1,1,0,0,1,-1,480
6,3,4,0,0,0,1,-1,0,0,1,1,480
6,3,4,0,0,0,1,1,0,0,1,-1,480
6,3,5,0,0,0,-1,-1,0,0,1,1,480
6,3,5,0,0,0,-1,1,0,0,1,1,480
6,3,5,0,0,0,1,-1,0,0,1,-1,480
6,3,5,0,0,0,1,1,0,0,1,-1,480
6,4,1,0,-1,-1,-1,-1,0,0,1,-1,960
6,4,1,0,-1,-1,-1,1,0,0,1,1,960
6,4,1,0,-1,-1,1,-1,0,0,1,1,960
6,4,1,0,-1,-1,1,1,0,0,1,-1,960
6,4,1,0,1,1,-1,-1,0,0,1,1,960
6,4,1,0,1,1,-1,1,0,0,1,-1,960
6,4,1,0,1,1,1,-1,0,0,1,-1,960
6,4,1,0,1,1,1,1,0,0,1,1,960
6,4,2,0,0,0,-1,-1,0,0,1,1,480
6,4,2,0,0,0,-1,1,0,0,1,-1,480
6,4,2,0,0,0,1,-1,0,0,1,1,480
6,4,2,0,0,0,1,1,0,0,1,-1,480
6,4,3,0,0,0,-1,-1,0,0,1,1,480
6,4,3,0,0,0,-1,1,0,0,1,-1,480
6,4,3,0,0,0,1,-1,0,0,1,1,480
6,4,3,0,0,0,1,1,0,0,1,-1,480
6,4,5,0,0,0,0,-1,0,0,1,-1,240
6,4,5,0,0,0,0,1,0,0,1,1,240
6,5,1,0,-1,-1,-1,-1,0,0,1,-1,960
6,5,1,0,-1,-1,-1,1,0,0,1,-1,960
6,5,1,0,-1,-1,0,-1,0,0,1,-1,480
6,5,1,0,-1,-1,0,1,0,0,1,1,480
6,5,1,0,-1,-1,1,-1,0,0,1,-1,960
6,5,1,0,-1,-1,1,1,0,0,1,-1,960
6,5,1,0,1,1,-1,-1,0,0,1,1,960
6,5,1,0,1,1,-1,1,0,0,1,1,960
6,5,1,0,1,1,0,-1,0,0,1,-1,480
6,5,1,0,1,1,0,1,0,0,1,1,480
6,5,1,0,1,1,1,-1,0,0,1,1,960
6,5,1,0,1,1,1,1,0,0,1,1,960
6,5,2,0,0,0,-1,-1,0,0,1,1,480
6,5,2,0,0,0,-1,1,0,0,1,1,480
6,5,2,0,0,0,1,-1,0,0,1,-1,480
6,5,2,0,0,0,1,1,0,0,1,-1,480
6,5,3,0,0,0,-1,-1,0,0,1,1,480
6,5,3,0,0,0,-1,1,0,0,1,1,480
6,5,3,0,0,0,1,-1,0,0,1,-1,480
6,5,3,0,0,0,1,1,0,0,1,-1,480
6,5,4,0,0,0,0,-1,0,0,1,-1,240
6,5,4,0,0,0,0,1,0,0,1,1,240
